[{"model": "auth.permission", "pk": 1, "fields": {"name": "Can add log entry", "content_type": 1, "codename": "add_logentry"}}, {"model": "auth.permission", "pk": 2, "fields": {"name": "Can change log entry", "content_type": 1, "codename": "change_logentry"}}, {"model": "auth.permission", "pk": 3, "fields": {"name": "Can delete log entry", "content_type": 1, "codename": "delete_logentry"}}, {"model": "auth.permission", "pk": 4, "fields": {"name": "Can add permission", "content_type": 2, "codename": "add_permission"}}, {"model": "auth.permission", "pk": 5, "fields": {"name": "Can change permission", "content_type": 2, "codename": "change_permission"}}, {"model": "auth.permission", "pk": 6, "fields": {"name": "Can delete permission", "content_type": 2, "codename": "delete_permission"}}, {"model": "auth.permission", "pk": 7, "fields": {"name": "Can add group", "content_type": 3, "codename": "add_group"}}, {"model": "auth.permission", "pk": 8, "fields": {"name": "Can change group", "content_type": 3, "codename": "change_group"}}, {"model": "auth.permission", "pk": 9, "fields": {"name": "Can delete group", "content_type": 3, "codename": "delete_group"}}, {"model": "auth.permission", "pk": 10, "fields": {"name": "Can add user", "content_type": 4, "codename": "add_user"}}, {"model": "auth.permission", "pk": 11, "fields": {"name": "Can change user", "content_type": 4, "codename": "change_user"}}, {"model": "auth.permission", "pk": 12, "fields": {"name": "Can delete user", "content_type": 4, "codename": "delete_user"}}, {"model": "auth.permission", "pk": 13, "fields": {"name": "Can add content type", "content_type": 5, "codename": "add_contenttype"}}, {"model": "auth.permission", "pk": 14, "fields": {"name": "Can change content type", "content_type": 5, "codename": "change_contenttype"}}, {"model": "auth.permission", "pk": 15, "fields": {"name": "Can delete content type", "content_type": 5, "codename": "delete_contenttype"}}, {"model": "auth.permission", "pk": 16, "fields": {"name": "Can add session", "content_type": 6, "codename": "add_session"}}, {"model": "auth.permission", "pk": 17, "fields": {"name": "Can change session", "content_type": 6, "codename": "change_session"}}, {"model": "auth.permission", "pk": 18, "fields": {"name": "Can delete session", "content_type": 6, "codename": "delete_session"}}, {"model": "auth.permission", "pk": 19, "fields": {"name": "Can add user info", "content_type": 7, "codename": "add_userinfo"}}, {"model": "auth.permission", "pk": 20, "fields": {"name": "Can change user info", "content_type": 7, "codename": "change_userinfo"}}, {"model": "auth.permission", "pk": 21, "fields": {"name": "Can delete user info", "content_type": 7, "codename": "delete_userinfo"}}, {"model": "auth.permission", "pk": 22, "fields": {"name": "Can add host", "content_type": 8, "codename": "add_host"}}, {"model": "auth.permission", "pk": 23, "fields": {"name": "Can change host", "content_type": 8, "codename": "change_host"}}, {"model": "auth.permission", "pk": 24, "fields": {"name": "Can delete host", "content_type": 8, "codename": "delete_host"}}, {"model": "auth.permission", "pk": 25, "fields": {"name": "Can add department", "content_type": 9, "codename": "add_department"}}, {"model": "auth.permission", "pk": 26, "fields": {"name": "Can change department", "content_type": 9, "codename": "change_department"}}, {"model": "auth.permission", "pk": 27, "fields": {"name": "Can delete department", "content_type": 9, "codename": "delete_department"}}, {"model": "auth.permission", "pk": 28, "fields": {"name": "Can add menu", "content_type": 10, "codename": "add_menu"}}, {"model": "auth.permission", "pk": 29, "fields": {"name": "Can change menu", "content_type": 10, "codename": "change_menu"}}, {"model": "auth.permission", "pk": 30, "fields": {"name": "Can delete menu", "content_type": 10, "codename": "delete_menu"}}, {"model": "auth.permission", "pk": 31, "fields": {"name": "Can add role", "content_type": 11, "codename": "add_role"}}, {"model": "auth.permission", "pk": 32, "fields": {"name": "Can change role", "content_type": 11, "codename": "change_role"}}, {"model": "auth.permission", "pk": 33, "fields": {"name": "Can delete role", "content_type": 11, "codename": "delete_role"}}, {"model": "auth.permission", "pk": 34, "fields": {"name": "Can add permission", "content_type": 12, "codename": "add_permission"}}, {"model": "auth.permission", "pk": 35, "fields": {"name": "Can change permission", "content_type": 12, "codename": "change_permission"}}, {"model": "auth.permission", "pk": 36, "fields": {"name": "Can delete permission", "content_type": 12, "codename": "delete_permission"}}, {"model": "auth.permission", "pk": 37, "fields": {"name": "Can view log entry", "content_type": 1, "codename": "view_logentry"}}, {"model": "auth.permission", "pk": 38, "fields": {"name": "Can view permission", "content_type": 2, "codename": "view_permission"}}, {"model": "auth.permission", "pk": 39, "fields": {"name": "Can view group", "content_type": 3, "codename": "view_group"}}, {"model": "auth.permission", "pk": 40, "fields": {"name": "Can view user", "content_type": 4, "codename": "view_user"}}, {"model": "auth.permission", "pk": 41, "fields": {"name": "Can view content type", "content_type": 5, "codename": "view_contenttype"}}, {"model": "auth.permission", "pk": 42, "fields": {"name": "Can view session", "content_type": 6, "codename": "view_session"}}, {"model": "auth.permission", "pk": 43, "fields": {"name": "Can view department", "content_type": 9, "codename": "view_department"}}, {"model": "auth.permission", "pk": 44, "fields": {"name": "Can view host", "content_type": 8, "codename": "view_host"}}, {"model": "auth.permission", "pk": 45, "fields": {"name": "Can view user info", "content_type": 7, "codename": "view_userinfo"}}, {"model": "auth.permission", "pk": 46, "fields": {"name": "Can add finance account", "content_type": 13, "codename": "add_financeaccount"}}, {"model": "auth.permission", "pk": 47, "fields": {"name": "Can change finance account", "content_type": 13, "codename": "change_financeaccount"}}, {"model": "auth.permission", "pk": 48, "fields": {"name": "Can delete finance account", "content_type": 13, "codename": "delete_financeaccount"}}, {"model": "auth.permission", "pk": 49, "fields": {"name": "Can view finance account", "content_type": 13, "codename": "view_financeaccount"}}, {"model": "auth.permission", "pk": 50, "fields": {"name": "Can view menu", "content_type": 10, "codename": "view_menu"}}, {"model": "auth.permission", "pk": 51, "fields": {"name": "Can view permission", "content_type": 12, "codename": "view_permission"}}, {"model": "auth.permission", "pk": 52, "fields": {"name": "Can view role", "content_type": 11, "codename": "view_role"}}, {"model": "auth.permission", "pk": 53, "fields": {"name": "Can add sales management crc", "content_type": 14, "codename": "add_salesmanagementcrc"}}, {"model": "auth.permission", "pk": 54, "fields": {"name": "Can change sales management crc", "content_type": 14, "codename": "change_salesmanagementcrc"}}, {"model": "auth.permission", "pk": 55, "fields": {"name": "Can delete sales management crc", "content_type": 14, "codename": "delete_salesmanagementcrc"}}, {"model": "auth.permission", "pk": 56, "fields": {"name": "Can view sales management crc", "content_type": 14, "codename": "view_salesmanagementcrc"}}, {"model": "auth.permission", "pk": 57, "fields": {"name": "Can add sales management act", "content_type": 15, "codename": "add_salesmanagementact"}}, {"model": "auth.permission", "pk": 58, "fields": {"name": "Can change sales management act", "content_type": 15, "codename": "change_salesmanagementact"}}, {"model": "auth.permission", "pk": 59, "fields": {"name": "Can delete sales management act", "content_type": 15, "codename": "delete_salesmanagementact"}}, {"model": "auth.permission", "pk": 60, "fields": {"name": "Can view sales management act", "content_type": 15, "codename": "view_salesmanagementact"}}, {"model": "contenttypes.contenttype", "pk": 1, "fields": {"app_label": "admin", "model": "logentry"}}, {"model": "contenttypes.contenttype", "pk": 2, "fields": {"app_label": "auth", "model": "permission"}}, {"model": "contenttypes.contenttype", "pk": 3, "fields": {"app_label": "auth", "model": "group"}}, {"model": "contenttypes.contenttype", "pk": 4, "fields": {"app_label": "auth", "model": "user"}}, {"model": "contenttypes.contenttype", "pk": 5, "fields": {"app_label": "contenttypes", "model": "contenttype"}}, {"model": "contenttypes.contenttype", "pk": 6, "fields": {"app_label": "sessions", "model": "session"}}, {"model": "contenttypes.contenttype", "pk": 7, "fields": {"app_label": "app01", "model": "userinfo"}}, {"model": "contenttypes.contenttype", "pk": 8, "fields": {"app_label": "app01", "model": "host"}}, {"model": "contenttypes.contenttype", "pk": 9, "fields": {"app_label": "app01", "model": "department"}}, {"model": "contenttypes.contenttype", "pk": 10, "fields": {"app_label": "rbac", "model": "menu"}}, {"model": "contenttypes.contenttype", "pk": 11, "fields": {"app_label": "rbac", "model": "role"}}, {"model": "contenttypes.contenttype", "pk": 12, "fields": {"app_label": "rbac", "model": "permission"}}, {"model": "contenttypes.contenttype", "pk": 13, "fields": {"app_label": "app01", "model": "financeaccount"}}, {"model": "contenttypes.contenttype", "pk": 14, "fields": {"app_label": "app01", "model": "salesmanagementcrc"}}, {"model": "contenttypes.contenttype", "pk": 15, "fields": {"app_label": "app01", "model": "salesmanagementact"}}, {"model": "sessions.session", "pk": "3ipzfuhus23q9l04dqxmq5ahqz0mv76b", "fields": {"session_data": ".eJy9mNuOmzAQht-Fqx6SBsw5qrav0PumQgabBi2BiENXq1XevbYTyJhlUrIhuUEJiWe-f_z7-GZkRVoa6zcjY8baXhhtzauC7rixNuK0MQ4LI2_T9DXa82qX1XVWFlFb5VGe1U30zF9lS9lEvejCOAujyZpcxti0vkuCTesR29-0LrHEMwi8wBCZqlz8YSVbr2TrlXi3l82LNs_Fx-gUo_uq_i-_HI6UEWdZn9LTUqaWJ9KkoQXTD1LK1qtPP35-3z8_bTbs6-c-vwOSXxJwQtIkdGyM5x2aD9FcQsxNG3qecwFNNL4fWcVr3kT7F9bxBZAvtBImC-hxETJORBn9wLQGfCrEak_r-qWs2F1Qt6XwF_RUCCkdbscimm_TcU_J1ld7SqWkrK-LZcKUHktjmYyaMP0gpWjdZwz1AqDIfQEAdEcDHW5ZmMVRHNzic8ABi1sE8zjKhnr8RrQqpsm6KnOuuceyIWAQMiKexCfj9pExVjLG1R46Z4dGcjAjnUHGkkM3SQGwLKiEvixDERqdZiwXM9ZlPNxdM8NCo3mY0S6zom6bD3XHi1b3nDbxBzZLREjbdS94Tsb4mOdUdui5AJ-8TPH0OfUh1BiI5j9_UCdMjl4nIEgj1fwX4hPbVNQLXpwXHHiRmPikN5Ub9-Vs2DVPyoJFQ4MQCzdIkPyX_hj17BMpQqXI2FHJfYVA_xCC--dKJY-wEZQB3WTjbrpSxQNMBU4D0FPoQuf5ji31uOaA-xyotxEsUOem-0rQ3ISuhlM0PMJAABz6B10Zp3A_wDK7Nm8ycIyse3JtnfSIH6pjSCo-O_Iw4qRuckGFigu01I9g1yofYPyTeuE9_wM6g4lvVRa3DR_tEW1FPpPLLKYn1TlsoOIccLQrph7pwWRiowsUem6GG5Ybz587MZJpjwLmNfWDiOdxeUJO4USsfjr2HG22T9--fJ4JJs0KWiTiTJEkZVvo52JbG_cBI54qk7z5CJnVg47sOE9RV6eoV-87h1TtPi_pufv8KVxip0TlCCcmznWM25NJwdogmCK5L-y46BE1YIDbAXqD0-fD8dHR_CAhf2menXtFG9khlTuLIE4slZ28z47LUmEfKGzsIlJtEU6XkEQ-xoeYH6vMjumJPJnYXIh_pHSZsWVCK7Ysxdtkm-Ws4uKXX7ddYR5-C1BbZ4FXGAjLlhZsWSdCV1nV40QfvQBTRJZOBKd0jKhsqz85reulPUZz24XKYTHHEbmLMuNypYrl6MXSRsZ4sV5EaZLtWJ3mnp4F4OHwD5EmYjA:1nN37z:Sv8SWac09ztUBcfCImsC25Rbjeu1LxAwYLGnlkur7lg", "expire_date": "2022-03-10T01:41:07.180Z"}}, {"model": "sessions.session", "pk": "3n1fx2p9d7z7s8m06wwpdv4semdmfv01", "fields": {"session_data": ".eJy9ldGO2yAQRf-Fp1ZNZOzY2ImqttL-QNXXurIw4A0KwRaYRtEq_94hu47tNHa12mxfUCDMnTMXMzwhqasabZ6Q5GiTLpCzwmi6F2iDjr9rrcXx2_bAmEKnBVKuqo5FI8xeWitrXTijCiVtW-zE0Wv44PNCJxgvUCtb5dVylyZRljsSrdLcJVEIY5aRDEFOo2BD4KMDHx3AWuPDtVMKfhYvGt30vN9PTs-8heDykpKMUlYhgTTVOhymv0rpo4MPX79_bnZf8px_-njJHw-SzxXwgjQqoWPjQg3s7cWSKMK5WxMSz6BB8PuRGWFFWzQH3vFlQ751yLg3kAiQLBnYmGY4vOI7SwQNtfZQG_4uqKakbMNhZmTpWjH4_GzHHa2H4CSNV97YBPsEmPhSYt6De8GgFwwGgq_-8Ci_mLcKRxC8Kn16imdOF6Lv5ZKlStg91fRR7IVuC2bY-CLinu7hx4M_0orBGJKkh7oSCUDk1ffxFohrVE0vRsUjo9YJ9haVNDxjxQJTGKsIz2M9S_bu4aF9fxd4cW26xAl2Xh_0iD6apy99u0n5PH0n-j_4-_YTr2bQ-3b0D_TJjnSHEm69MbDHde9L5Ifbl8QXAmOMCeSSrNawo6JLyZeMGr6sYZVtpeJGwD8_3_Y6nX4BaDhmGXadCZZt7cyjgl65XN2iuWMXOwMmY8D-vKcBqeZ2S3diwq639RCAOp3-ALCRsfA:1o65YW:OG6Bipwr-lQCP2AjAXF58eGYCp-KblLXq331ZV2ZVV4", "expire_date": "2022-07-12T07:22:40.188Z"}}, {"model": "sessions.session", "pk": "3y14svfni9g43akroad5aajn7yrxpjfo", "fields": {"session_data": ".eJy9mNuOmzAQht-Fqx6SBsw5qrav0PumQgabBi2BiENXq1XevbYTyJhlUrIhuUEJiWe-f_z7-GZkRVoa6zcjY8baXhhtzauC7rixNuK0MQ4LI2_T9DXa82qX1XVWFlFb5VGe1U30zF9lS9lEvejCOAujyZpcxti0vkuCTesR29-0LrHEMwi8wBCZqlz8YSVbr2TrlXi3l82LNs_Fx-gUo_uq_i-_HI6UEWdZn9LTUqaWJ9KkoQXTD1LK1qtPP35-3z8_bTbs6-c-vwOSXxJwQtIkdGyM5x2aD9FcQsxNG3qecwFNNL4fWcVr3kT7F9bxBZAvtBImC-hxETJORBn9wLQGfCrEak_r-qWs2F1Qt6XwF_RUCCkdbscimm_TcU_J1ld7SqWkrK-LZcKUHktjmYyaMP0gpWjdZwz1AqDIfQEAdEcDHW5ZmMVRHNzic8ABi1sE8zjKhnr8RrQqpsm6KnOuuceyIWAQMiKexCfj9pExVjLG1R46Z4dGcjAjnUHGkkM3SQGwLKiEvixDERqdZiwXM9ZlPNxdM8NCo3mY0S6zom6bD3XHi1b3nDbxBzZLREjbdS94Tsb4mOdUdui5AJ-8TPH0OfUh1BiI5j9_UCdMjl4nIEgj1fwX4hPbVNQLXpwXHHiRmPikN5Ub9-Vs2DVPyoJFQ4MQCzdIkPyX_hj17BMpQqXI2FHJfYVA_xCC--dKJY-wEZQB3WTjbrpSxQNMBU4D0FPoQuf5ji31uOaA-xyotxEsUOem-0rQ3ISuhlM0PMJAABz6B10Zp3A_wDK7Nm8ycIyse3JtnfSIH6pjSCo-O_Iw4qRuckGFigu01I9g1yofYPyTeuE9_wM6g4lvVRa3DR_tEW1FPpPLLKYn1TlsoOIccLQrph7pwWRiowsUem6GG5Ybz587MZJpjwLmNfWDiOdxeUJO4USsfjr2HG22T9--fJ4JJs0KWiTiTJEkZVvo52JbG_cBI54qk7z5CJnVg47sOE9RV6eoV-87h1TtPi_pufv8KVxip0TlCCcmznWM25NJwdogmCK5L-y46BE1YIDbAXqD0-fD8dHR_CAhf2menXtFG9khlTuLIE4slZ28z47LUmEfKGzsIlJtEU6XkEQ-xoeYH6vMjumJPJnYXIh_pHSZsWVCK7Ysxdtkm-Ws4uKXX7ddYR5-C1BbZ4FXGAjLlhZsWSdCV1nV40QfvQBTRJZOBKd0jKhsqz85reulPUZz24XKYTHHEbmLMuNypYrl6MXSRsZ4sV5EaZLtWJ3mnp4F4OHwD5EmYjA:1nMgBJ:RInHFCMOKLYiugVb6pegA-L7JiHP3tnDiUjBiA6u-bU", "expire_date": "2022-03-09T01:11:01.347Z"}}, {"model": "sessions.session", "pk": "3zuwvp7l6mvdwhfa3izly96m3hx6b33j", "fields": {"session_data": ".eJy9mNuOozgQht-Fqzl0JmDOrdXsxbzAam83K2SwmaAmEHHY1miUd1_bCVCmXUwyoXODEhJXfX_59_GnVVR5bT3_tApmPbtPVt_ypqIHbj1bad5Zpyer7PP8R3LkzaFo26Kukr4pk7Jou-SF_5AtZRP1YgjjPVld0ZUyxq4PfRLt-oC44a73iSOeURRElsjUlOIPW9l6K1tvxbujbF71ZSk-JpcYw1f1f_nldKZMOCvGlIGWMncCkSaPHZh-llK23n74868_ji9fdzv2-eOY3wPJlwRckDQJAxvj5YAWQjSfEHvXx0HgLaCJxu9H1vCWd8nxlQ18EeSLnYzJAgZchEwzUcYwsp0ZnwqxPdK2fa0b9i6o-1r4C3oqhpQed1MRLXSp2VOy9c2eUikpG-vi2DBlwPJUJqM2TD9LKVqPGWO9ACjyWAAAPdBAhzsOZnEUB7f4GnDA4g7BPI6yoR6_E61Jafbc1CXX3OO4EDCKGRFPEhKzfWSMrYxxs4em7NBIHmakCcSUHLpJCoBlQSWMZZmL0Og0Y_mYsZbxcHetDAuNFmBGW2ZF3bYe6oFXve45beKPXJaJkK7vL3hOxvg9z6ns0HMRPnnZ4hlyGkIoE4jmv3BWJ0yOXicgSCPV_BfjE9u1qAteXBcceJHY-KR3LTfuy9WwW57VFUvmBiEObpAo-yX9OerkEylCpSjYWcn7CoH-IQT3z41KHmEjKAO6ycXddKOKB5gKnAagp9CFLgg9V-rx7Rn3FGi0ESzQ4Kb3laC5CV0Nr9HwCAMBcOgfdGW8hvsBljn0ZVeAY2Q7kmvrZEDCWB1DcvHZk4cRL_ezBRUqLtDSPoJdq3yE8V_VC2_5H9AZTHxrirTvuLFHtBV5IpdZ7ECq89hMxRTQ2BXXHunBZOKiCxR6boYbljvPnwcxkumIAuY19YOIF3B5Qs7hRKx-Ovcc7fZfv3z6uBJMXlS0ysSZIsvqvtLPxa427iNGAlUmefMRM2cENew4L1G3l6g37zvnVP2xrOnUfeE1XGKnROUIJzbOdY47kknB2iC4RvJYWLNogxowwN0IvcEZ8-H46Gh-kJD_aFlMvaKN7JjKnUWUZo7KTt5mx2WpsA8V1tKStwda0e9czGhdkjWZfusI9uPf_v4m769yOT06ARijsyBbEeRm45tAdPN72twV--o4kFJHYZk8b8Ka-V7Km6r6VuBYQFwiws7q10qjJ8v0qdwRhWyZfgi6Kr_pNlrtEy830UQ-zPOsFCCenh2IXIXYYYp_5HRTsE1GG7apxdtsX5Ss4eKXf-67xz79K0BdnQXeYyEse1qxTZsJXXXTmol-9xZUETk6EVzXMaK6b76XtG03ronmvlu109Ma9yRDlBX3LKpYnl4sbXo0F-tVlCbbm-q09hqtAH0dcBqmi_5q9_SFI26_b_4UUKfT__d_Pb0:1o4c1K:8sw4SncGvwN4qrOddFt8dKPUpb-domiMZ4QdKrF7M3c", "expire_date": "2022-07-08T05:38:18.016Z"}}, {"model": "sessions.session", "pk": "413g43ws3r4h758bsz87xamtialvtw7w", "fields": {"session_data": "NDVhMzIxOGIxMmYzMDk3NzFiOTIzYjZhMjc4OTVhMTE0NWIyNDhjZjp7Imx1ZmZ5X3Blcm1pc3Npb25fdXJsX2xpc3Rfa2V5Ijp7InJiYWM6bXVsdGlfcGVybWlzc2lvbnNfZGVsIjp7InVybCI6Ii9yYmFjL211bHRpL3Blcm1pc3Npb25zL2RlbC8oP1A8cGs+XFxkKykvIiwidGl0bGUiOiJcdTYyNzlcdTkxY2ZcdTUyMjBcdTk2NjRcdTY3NDNcdTk2NTAiLCJpZCI6MjgsInBfdXJsIjoiL3JiYWMvbWVudS9saXN0LyIsInBfdGl0bGUiOiJcdTgzZGNcdTUzNTVcdTUyMTdcdTg4NjgiLCJwaWQiOjE3fSwicmJhYzpwZXJtaXNzaW9uX2VkaXQiOnsidXJsIjoiL3JiYWMvcGVybWlzc2lvbi9lZGl0Lyg/UDxwaz5cXGQrKS8iLCJ0aXRsZSI6Ilx1N2YxNlx1OGY5MVx1Njc0M1x1OTY1MCIsImlkIjoyNSwicF91cmwiOiIvcmJhYy9tZW51L2xpc3QvIiwicF90aXRsZSI6Ilx1ODNkY1x1NTM1NVx1NTIxN1x1ODg2OCIsInBpZCI6MTd9LCJ1c2VyX2xpc3QiOnsidXJsIjoiL3VzZXIvbGlzdC8iLCJ0aXRsZSI6Ilx1NzUyOFx1NjIzN1x1NTIxN1x1ODg2OCIsImlkIjo0LCJwX3VybCI6bnVsbCwicF90aXRsZSI6bnVsbCwicGlkIjpudWxsfSwicmJhYzptZW51X2RlbCI6eyJ1cmwiOiIvcmJhYy9tZW51L2RlbC8oP1A8cGs+XFxkKykvIiwidGl0bGUiOiJcdTUyMjBcdTk2NjRcdTRlMDBcdTdlYTdcdTgzZGNcdTUzNTUiLCJpZCI6MjAsInBfdXJsIjoiL3JiYWMvbWVudS9saXN0LyIsInBfdGl0bGUiOiJcdTgzZGNcdTUzNTVcdTUyMTdcdTg4NjgiLCJwaWQiOjE3fSwicmJhYzpwZXJtaXNzaW9uX2RlbCI6eyJ1cmwiOiIvcmJhYy9wZXJtaXNzaW9uL2RlbC8oP1A8cGs+XFxkKykvIiwidGl0bGUiOiJcdTUyMjBcdTk2NjRcdTY3NDNcdTk2NTAiLCJpZCI6MjYsInBfdXJsIjoiL3JiYWMvbWVudS9saXN0LyIsInBfdGl0bGUiOiJcdTgzZGNcdTUzNTVcdTUyMTdcdTg4NjgiLCJwaWQiOjE3fSwicmJhYzpkaXN0cmlidXRlX3Blcm1pc3Npb25zIjp7InVybCI6Ii9yYmFjL2Rpc3RyaWJ1dGUvcGVybWlzc2lvbnMvIiwidGl0bGUiOiJcdTY3NDNcdTk2NTBcdTUyMDZcdTkxNGQiLCJpZCI6MjksInBfdXJsIjpudWxsLCJwX3RpdGxlIjpudWxsLCJwaWQiOm51bGx9LCJyYmFjOnJvbGVfZGVsIjp7InVybCI6Ii9yYmFjL3JvbGUvZGVsLyg/UDxwaz5cXGQrKS8iLCJ0aXRsZSI6Ilx1NTIyMFx1OTY2NFx1ODlkMlx1ODI3MiIsImlkIjoxNiwicF91cmwiOiIvcmJhYy9yb2xlL2xpc3QvIiwicF90aXRsZSI6Ilx1ODlkMlx1ODI3Mlx1NTIxN1x1ODg2OCIsInBpZCI6MTN9LCJyYmFjOnJvbGVfZWRpdCI6eyJ1cmwiOiIvcmJhYy9yb2xlL2VkaXQvKD9QPHBrPlxcZCspLyIsInRpdGxlIjoiXHU3ZjE2XHU4ZjkxXHU4OWQyXHU4MjcyIiwiaWQiOjE1LCJwX3VybCI6Ii9yYmFjL3JvbGUvbGlzdC8iLCJwX3RpdGxlIjoiXHU4OWQyXHU4MjcyXHU1MjE3XHU4ODY4IiwicGlkIjoxM30sInJiYWM6cGVybWlzc2lvbl9hZGQiOnsidXJsIjoiL3JiYWMvcGVybWlzc2lvbi9hZGQvKD9QPHNlY29uZF9tZW51X2lkPlxcZCspLyIsInRpdGxlIjoiXHU2ZGZiXHU1MmEwXHU2NzQzXHU5NjUwIiwiaWQiOjI0LCJwX3VybCI6Ii9yYmFjL21lbnUvbGlzdC8iLCJwX3RpdGxlIjoiXHU4M2RjXHU1MzU1XHU1MjE3XHU4ODY4IiwicGlkIjoxN30sImhvc3RfZWRpdCI6eyJ1cmwiOiIvaG9zdC9lZGl0Lyg/UDxwaz5cXGQrKS8iLCJ0aXRsZSI6Ilx1N2YxNlx1OGY5MVx1NGUzYlx1NjczYSIsImlkIjoxMSwicF91cmwiOiIvaG9zdC9saXN0LyIsInBfdGl0bGUiOiJcdTRlM2JcdTY3M2FcdTUyMTdcdTg4NjgiLCJwaWQiOjl9LCJyYmFjOm1lbnVfZWRpdCI6eyJ1cmwiOiIvcmJhYy9tZW51L2VkaXQvKD9QPHBrPlxcZCspLyIsInRpdGxlIjoiXHU3ZjE2XHU4ZjkxXHU0ZTAwXHU3ZWE3XHU4M2RjXHU1MzU1IiwiaWQiOjE5LCJwX3VybCI6Ii9yYmFjL21lbnUvbGlzdC8iLCJwX3RpdGxlIjoiXHU4M2RjXHU1MzU1XHU1MjE3XHU4ODY4IiwicGlkIjoxN30sInJiYWM6bWVudV9hZGQiOnsidXJsIjoiL3JiYWMvbWVudS9hZGQvIiwidGl0bGUiOiJcdTZkZmJcdTUyYTBcdTRlMDBcdTdlYTdcdTgzZGNcdTUzNTUiLCJpZCI6MTgsInBfdXJsIjoiL3JiYWMvbWVudS9saXN0LyIsInBfdGl0bGUiOiJcdTgzZGNcdTUzNTVcdTUyMTdcdTg4NjgiLCJwaWQiOjE3fSwicmJhYzpyb2xlX2xpc3QiOnsidXJsIjoiL3JiYWMvcm9sZS9saXN0LyIsInRpdGxlIjoiXHU4OWQyXHU4MjcyXHU1MjE3XHU4ODY4IiwiaWQiOjEzLCJwX3VybCI6bnVsbCwicF90aXRsZSI6bnVsbCwicGlkIjpudWxsfSwiaG9zdF9hZGQiOnsidXJsIjoiL2hvc3QvYWRkLyIsInRpdGxlIjoiXHU2ZGZiXHU1MmEwXHU0ZTNiXHU2NzNhIiwiaWQiOjEwLCJwX3VybCI6Ii9ob3N0L2xpc3QvIiwicF90aXRsZSI6Ilx1NGUzYlx1NjczYVx1NTIxN1x1ODg2OCIsInBpZCI6OX0sInJiYWM6cm9sZV9hZGQiOnsidXJsIjoiL3JiYWMvcm9sZS9hZGQvIiwidGl0bGUiOiJcdTZkZmJcdTUyYTBcdTg5ZDJcdTgyNzIiLCJpZCI6MTQsInBfdXJsIjoiL3JiYWMvcm9sZS9saXN0LyIsInBfdGl0bGUiOiJcdTg5ZDJcdTgyNzJcdTUyMTdcdTg4NjgiLCJwaWQiOjEzfSwidXNlcl9kZWwiOnsidXJsIjoiL3VzZXIvZGVsLyg/UDxwaz5cXGQrKS8iLCJ0aXRsZSI6Ilx1NTIyMFx1OTY2NFx1NzUyOFx1NjIzNyIsImlkIjo3LCJwX3VybCI6Ii91c2VyL2xpc3QvIiwicF90aXRsZSI6Ilx1NzUyOFx1NjIzN1x1NTIxN1x1ODg2OCIsInBpZCI6NH0sInJiYWM6bXVsdGlfcGVybWlzc2lvbnMiOnsidXJsIjoiL3JiYWMvbXVsdGkvcGVybWlzc2lvbnMvIiwidGl0bGUiOiJcdTYyNzlcdTkxY2ZcdTY0Y2RcdTRmNWNcdTY3NDNcdTk2NTAiLCJpZCI6MjcsInBfdXJsIjoiL3JiYWMvbWVudS9saXN0LyIsInBfdGl0bGUiOiJcdTgzZGNcdTUzNTVcdTUyMTdcdTg4NjgiLCJwaWQiOjE3fSwiaG9zdF9saXN0Ijp7InVybCI6Ii9ob3N0L2xpc3QvIiwidGl0bGUiOiJcdTRlM2JcdTY3M2FcdTUyMTdcdTg4NjgiLCJpZCI6OSwicF91cmwiOm51bGwsInBfdGl0bGUiOm51bGwsInBpZCI6bnVsbH0sInVzZXJfYWRkIjp7InVybCI6Ii91c2VyL2FkZC8iLCJ0aXRsZSI6Ilx1NmRmYlx1NTJhMFx1NzUyOFx1NjIzNyIsImlkIjo1LCJwX3VybCI6Ii91c2VyL2xpc3QvIiwicF90aXRsZSI6Ilx1NzUyOFx1NjIzN1x1NTIxN1x1ODg2OCIsInBpZCI6NH0sInJiYWM6c2Vjb25kX21lbnVfZWRpdCI6eyJ1cmwiOiIvcmJhYy9zZWNvbmQvbWVudS9lZGl0Lyg/UDxwaz5cXGQrKS8iLCJ0aXRsZSI6Ilx1N2YxNlx1OGY5MVx1NGU4Y1x1N2VhN1x1ODNkY1x1NTM1NSIsImlkIjoyMiwicF91cmwiOiIvcmJhYy9tZW51L2xpc3QvIiwicF90aXRsZSI6Ilx1ODNkY1x1NTM1NVx1NTIxN1x1ODg2OCIsInBpZCI6MTd9LCJyYmFjOnNlY29uZF9tZW51X2FkZCI6eyJ1cmwiOiIvcmJhYy9zZWNvbmQvbWVudS9hZGQvKD9QPG1lbnVfaWQ+XFxkKykiLCJ0aXRsZSI6Ilx1NmRmYlx1NTJhMFx1NGU4Y1x1N2VhN1x1ODNkY1x1NTM1NSIsImlkIjoyMSwicF91cmwiOiIvcmJhYy9tZW51L2xpc3QvIiwicF90aXRsZSI6Ilx1ODNkY1x1NTM1NVx1NTIxN1x1ODg2OCIsInBpZCI6MTd9LCJyYmFjOm1lbnVfbGlzdCI6eyJ1cmwiOiIvcmJhYy9tZW51L2xpc3QvIiwidGl0bGUiOiJcdTgzZGNcdTUzNTVcdTUyMTdcdTg4NjgiLCJpZCI6MTcsInBfdXJsIjpudWxsLCJwX3RpdGxlIjpudWxsLCJwaWQiOm51bGx9LCJyYmFjOnNlY29uZF9tZW51X2RlbCI6eyJ1cmwiOiIvcmJhYy9zZWNvbmQvbWVudS9kZWwvKD9QPHBrPlxcZCspLyIsInRpdGxlIjoiXHU1MjIwXHU5NjY0XHU0ZThjXHU3ZWE3XHU4M2RjXHU1MzU1IiwiaWQiOjIzLCJwX3VybCI6Ii9yYmFjL21lbnUvbGlzdC8iLCJwX3RpdGxlIjoiXHU4M2RjXHU1MzU1XHU1MjE3XHU4ODY4IiwicGlkIjoxN319LCJsdWZmeV9wZXJtaXNzaW9uX21lbnVfa2V5Ijp7IjEiOnsiY2hpbGRyZW4iOlt7InVybCI6Ii9yYmFjL3JvbGUvbGlzdC8iLCJ0aXRsZSI6Ilx1ODlkMlx1ODI3Mlx1NTIxN1x1ODg2OCIsImlkIjoxM30seyJ1cmwiOiIvcmJhYy9tZW51L2xpc3QvIiwidGl0bGUiOiJcdTgzZGNcdTUzNTVcdTUyMTdcdTg4NjgiLCJpZCI6MTd9LHsidXJsIjoiL3JiYWMvZGlzdHJpYnV0ZS9wZXJtaXNzaW9ucy8iLCJ0aXRsZSI6Ilx1Njc0M1x1OTY1MFx1NTIwNlx1OTE0ZCIsImlkIjoyOX1dLCJ0aXRsZSI6Ilx1Njc0M1x1OTY1MFx1N2JhMVx1NzQwNiIsImljb24iOiJmYS1ob3VyZ2xhc3MtMyJ9LCIyIjp7ImNoaWxkcmVuIjpbeyJ1cmwiOiIvdXNlci9saXN0LyIsInRpdGxlIjoiXHU3NTI4XHU2MjM3XHU1MjE3XHU4ODY4IiwiaWQiOjR9XSwidGl0bGUiOiJcdTc1MjhcdTYyMzdcdTdiYTFcdTc0MDYiLCJpY29uIjoiZmEtaWQtY2FyZC1vIn0sIjMiOnsiY2hpbGRyZW4iOlt7InVybCI6Ii9ob3N0L2xpc3QvIiwidGl0bGUiOiJcdTRlM2JcdTY3M2FcdTUyMTdcdTg4NjgiLCJpZCI6OX1dLCJ0aXRsZSI6Ilx1NGUzYlx1NjczYVx1N2JhMVx1NzQwNiIsImljb24iOiJmYS1oYW5kLXNjaXNzb3JzLW8ifX19", "expire_date": "2018-12-02T07:27:24.984Z"}}, {"model": "sessions.session", "pk": "4bohvr4ryb6jlzc0t8sj108f29vvbfk2", "fields": {"session_data": ".eJy9ld2OmzAQhd_FV62aCEzAkKjqj_oCvehdqZDBdnDjALKxou0q795xdgkQBaqoyd5YwfGc-c7YHj8jWYkabZ6RZGizXiBruK7onqMN-l3-KXm1_VIeikKh4wIpK8RT1nC9l8bIusqsVpmSps12_MlpuODTRCcYLlArW-XUUhtHQZJaEqzi1EYBhjFJSIIgp1awwHPRnov2YK5x4ZVVCn5mrxrd52m9-zi-8GacyXNKMkopMIE0Yo2H6S9Sumjv3efvH5vdpzRlH96f84eD5HMGXpFGFjo2xlWHFg_RoiDwU7smJJxBg-DHkWlueJs1B9bxJUO-NS6YKyDhIJkXUMY48fEF30nCa6gxh1qzh6DqnBYbBl9a5rblg-NnOu5gPQQncbhyhY18l8AnzkrIenAn6PWC3kDw5oNH2bl4KzyCYCJ36ak_s7sQfa8qGaq42dOKbvmeV21Gi3Z8EUc3kSRk5QqFhdtbUcCISdTTXah5oHbzxbxGZBtV03PFwmh03iLf1Sqn-Ou3H6kNuU9hFIE_j_Ui2Zfxoo6TTs91nPY6YYLVh2pkg8zbyF0Ditm8jU70TY30nSmMZzz0neofHiab1dttSrav-41JZkwRGmDHEIvbN8klAa8PsXftmYU1tntiAzdc7xPOG4yhTyCXLOoKVgi6lGxZUM2WNcwWpVRMc_jn5_890MdfAIrHLMPGO8FS1lZvFTwXy9U1mjs28hNgNAbsj8A0IK2YKemOT5TrTm0U6I7Hv5VpCX8:1o6Quz:PEqe50DOE9e9hxeJxpcearO4s9GQiNrQh8-8ScouuKE", "expire_date": "2022-07-13T06:11:17.811Z"}}, {"model": "sessions.session", "pk": "7dgn2bvhcut67gyz5vmulzchavlfg8gz", "fields": {"session_data": ".eJy9ld2OmzAQhd_FV62aCEzAkKjqj_oCvehdqZDBdnDjALKxou0q795xdgkQBaqoyd5YwfGc-c7YHj8jWYkabZ6RZGizXiBruK7onqMN-l3-KXm1_VIeikKh4wIpK8RT1nC9l8bIusqsVpmSps12_MlpuODTRCcYLlArW-XUUhtHQZJaEqzi1EYBhjFJSIIgp1awwHPRnov2YK5x4ZVVCn5mrxrd52m9-zi-8GacyXNKMkopMIE0Yo2H6S9Sumjv3efvH5vdpzRlH96f84eD5HMGXpFGFjo2xlWHFg_RoiDwU7smJJxBg-DHkWlueJs1B9bxJUO-NS6YKyDhIJkXUMY48fEF30nCa6gxh1qzh6DqnBYbBl9a5rblg-NnOu5gPQQncbhyhY18l8AnzkrIenAn6PWC3kDw5oNH2bl4KzyCYCJ36ak_s7sQfa8qGaq42dOKbvmeV21Gi3Z8EUc3kSRk5QqFhdtbUcCISdTTXah5oHbzxbxGZBtV03PFwmh03iLf1Sqn-Ou3H6kNuU9hFIE_j_Ui2Zfxoo6TTs91nPY6YYLVh2pkg8zbyF0Ditm8jU70TY30nSmMZzz0neofHiab1dttSrav-41JZkwRGmDHEIvbN8klAa8PsXftmYU1tntiAzdc7xPOG4yhTyCXLOoKVgi6lGxZUM2WNcwWpVRMc_jn5_890MdfAIrHLMPGO8FS1lZvFTwXy9U1mjs28hNgNAbsj8A0IK2YKemOT5TrTm0U6I7Hv5VpCX8:1o6NWS:9paZiiYRoKALNSZu8Nkj6N0nF6VVxOwMuMuQPVvQj_I", "expire_date": "2022-07-13T02:33:44.764Z"}}, {"model": "sessions.session", "pk": "7otjkl4v4lg62wntmajeij7beciojnsr", "fields": {"session_data": ".eJy9ld2OmzAQhd_FV602EZiAIdGqP-oL9KJ3pUIOthc3xiCMFW1XvHvH2SVAFKhW3ezNKDieM98Zw_gJSS0qtHtCkqHddoWs4Y2mJUc79Lv4U3D98KU45rlC3QopK8RjVvOmlMbISme2UZmSps0O_NFpuOTTQi8YrlArW-XUUhtHQZJaEmzi1EYBhpgkJEFQs1GwwXPZnsv2YK126doqBT-zF43-8bTfPXTPvBln8lySTEoKTKCM2OJx-YuSLtv78Pn7fX34lKbs7uO5fjgqvmTgBWlioWdjXPVo8RgtCgI_tVtCwgU0SL4dWcMNb7P6yHq-ZMy3xTlzDSQcJPc5tDFOfHzBd5LwamrMsWrY7VApO0Nu8JiSMLF3OtRf6CJkvxWNoYqbkmr6wEuu24zm7fSFn7zxJCEbiDEWrocih4hJNNBdqHmg9uoP4BqRrVVFzx0Lo8m5Rr7r1Z7ir99-pDbkPoUoAn8Z61lyaONFH2ednvs473XGBKuOemKDLNvYuw89Zss2etF3NTJMgDBe8DBMhH94mB0K73coWVkNB5MsmCI0wI4hFq8_JFcEvN7E3rXrDPbY_ioLXLg-J5w3iKFPoJbMKw07BF1Lts5pw9YVrOaFVKzh8M_P_7sIu18AGk1Zhg7PshRUM1PQA5-heaMpBXRd9xdSMaP8:1o6UUq:ynEpyMwk9CrjrGaob2IP6bEJveyjBseXawlNN5uaZOI", "expire_date": "2022-07-13T10:00:32.043Z"}}, {"model": "sessions.session", "pk": "7qh3en8b26tw4rda8oo9py3nzor5714n", "fields": {"session_data": ".eJytkc1ugzAMx9_FZyrCBN3GtW8w7TamKA3OiBoCysehqvLuc1hh0oR62sWKv_7-2bmBtmqC9ga6h_algOjRWTEitODHd_QBUgEmKnXlM7pRe68ny6Mz3Ggf-AWvudkLg34UVnzhiDZw6eSSX4VrVkDQwWTZ09upi81ZSbLVsQGa6QzFyz8iJYmUWaSkkjmr2GgMPfldaXWX9uwQ6R5InM0k-g2l-kXp4mvDWBefz6JasGpkgqx6Yo-xfiQ3sLzehrWz4J3x0Ypp78xUE9cTN9nsgW-2ZkeapeVkqUKJwyBs7wdxwcNEcTlo0zuk3Me__En6TCl9A9YNwbg:1o4fin:EfHnd-aEfXtJzRWBlu5KJi-izcenvnCI18csAdh1zbk", "expire_date": "2022-07-08T09:35:25.429Z"}}, {"model": "sessions.session", "pk": "847vmxyl08f4oyrlnlewuhlf3uf63dh4", "fields": {"session_data": ".eJy9mduOm0gQht-Fq83ueA3NeRQlWs0LRFHu1ivUppsYDQYLzI6iyO-e7raBakwxOMbcIJ-66vur_z76p5HmSWE8_zRSZjzbT0Zd8TKne248G9vkaJyejKxOkh_RgZf7tKrSIo_qMouytDpGr_yHbCmbqA-aMM6TcUyPmYyxqX2XBJvaI7a_qV1iiWcQeIEhMpWZ-MFatl7L1mvx2UE2z-ssEy-jS4zmrfq9fHM6U0acpW1KT0uZWJ5Ik4QWTN9LKVuv__j85ePh9dNmw_760OZ3QPIxARckTULDxnjWoPkQzSXE3NSh5zkjaKLx48hKXvFjdHhjDV8A-UIrZrKAHhcht7Eoox-YVo9PhVgfaFW9FSV7COquEP6CngohpcPtrYjm23TYU7L1zZ5SKSlr62KZMKXHkq1MRk2YvpdStG4zhnoBUOS2AAC6oYEOtyzM4igObvE54IDFLYJ5HGVDPX4nWrml8XNZZFxzj2VDwCBkRDyJT4btI2OsZYybPdRlh0ZyMCN1IEPJoZukAFgWVEJblr4IjU4zlosZaxwPd9fMsNBoHma0cVbUbfOh7nle657TJv7AZrEIabvuiOdkjN_znMoOPRfgk5cpnj6nPoQaAtH85_fqhMnR6wQEaaSa_0J8YpuKOuLFecGBF4mJT3pTuXFfzoZd8bjIWdQ3CLFwgwTxu_TnqJ1PpAiVImVnJY8VAv1DCO6fG5UsYSMoA7rJxt10o4oFTAVOA9BT6ELn-Y4t9bhmj7sL1NoIFqhx02MlaG5CV8MpGpYwEACH_kFXxincC1hmX2fHFBwjq5ZcWyc94ofqGJKI1448jDiJG4-oUHGBlmoJdq3yAcY_qReu-RfoDCbelem2PvLBHtFW5I5cZjE9qc5hPRVdwMGumHqkB5OJjS5Q6LkZbljuPH_uxUimLQqY19QXIp7H5Qk5gROx-urcc_S4-_T3nx9mgknSnOaxOFPEcVHn-rnY1sZ9wIinyiRvPkJmtaADO85L1PUl6s37zj5VfcgK2nWfP4VL7JSoHOHExLnOcVsyKVgbBFMkt4UdFj2gBgxwO0BvcNp8OD46mhcS8j_N0q5XtJEdUrmzCLaxpbKT6-y4LBV2UWEVzXi1pzn9zsWMdoziMtZvHcF-_OXri7y_SuT0aHlgjPaCrEWQm40_BKKb39HmrtBVx4EttRTWkOeHsHq-l_K6ql4LbAuIS0TYWfGWa_RknH4rd0Q-G6dvgi7B3w1Vxx5B70buO-jo9etDJNBYn9EdfRcdeLZcg61kmqFFtLsNLYl6hnaH6_rPy7dphpZYfUP3VkVUKVrWTisi4srZ3riMd50tM147ewEhwOL-iIYpFlcaUIsv1ynRvug6JhgR5VGijl9-cnsnySRC60PkDf03pk6tl__FiHwM7_qkNvF0TE_kSsV5V_wioauUrWJaslUhPo13acZKLr75975_1U7_CVBbZ4G36gjLjuZsVcVCV1FWw0S_-5-MIrJ0InjKwIiKuvye0apa2UM0993xn57muLVtosx4glLFcvRiaZu14WK9idLEu6E6zX1iUICuDtiN4FF_VTv6yhG337ebazpirsVUiDydfgElZdXP:1o6nBN:wn0VY9AFzaacVeHlPH8CmEZVSVlOjkQTY3PqEdEtAuY", "expire_date": "2022-07-14T05:57:41.744Z"}}, {"model": "sessions.session", "pk": "8aeq4izpsft24umnmzzvaxiuxcs0v7h3", "fields": {"session_data": ".eJy9mduOm0gQht-Fq83ueA3NeRQlWs0LRFHu1ivUppsYDQYLzI6iyO-e7raBakwxOMbcIJ-66vur_z76p5HmSWE8_zRSZjzbT0Zd8TKne248G9vkaJyejKxOkh_RgZf7tKrSIo_qMouytDpGr_yHbCmbqA-aMM6TcUyPmYyxqX2XBJvaI7a_qV1iiWcQeIEhMpWZ-MFatl7L1mvx2UE2z-ssEy-jS4zmrfq9fHM6U0acpW1KT0uZWJ5Ik4QWTN9LKVuv__j85ePh9dNmw_760OZ3QPIxARckTULDxnjWoPkQzSXE3NSh5zkjaKLx48hKXvFjdHhjDV8A-UIrZrKAHhcht7Eoox-YVo9PhVgfaFW9FSV7COquEP6CngohpcPtrYjm23TYU7L1zZ5SKSlr62KZMKXHkq1MRk2YvpdStG4zhnoBUOS2AAC6oYEOtyzM4igObvE54IDFLYJ5HGVDPX4nWrml8XNZZFxzj2VDwCBkRDyJT4btI2OsZYybPdRlh0ZyMCN1IEPJoZukAFgWVEJblr4IjU4zlosZaxwPd9fMsNBoHma0cVbUbfOh7nle657TJv7AZrEIabvuiOdkjN_znMoOPRfgk5cpnj6nPoQaAtH85_fqhMnR6wQEaaSa_0J8YpuKOuLFecGBF4mJT3pTuXFfzoZd8bjIWdQ3CLFwgwTxu_TnqJ1PpAiVImVnJY8VAv1DCO6fG5UsYSMoA7rJxt10o4oFTAVOA9BT6ELn-Y4t9bhmj7sL1NoIFqhx02MlaG5CV8MpGpYwEACH_kFXxincC1hmX2fHFBwjq5ZcWyc94ofqGJKI1448jDiJG4-oUHGBlmoJdq3yAcY_qReu-RfoDCbelem2PvLBHtFW5I5cZjE9qc5hPRVdwMGumHqkB5OJjS5Q6LkZbljuPH_uxUimLQqY19QXIp7H5Qk5gROx-urcc_S4-_T3nx9mgknSnOaxOFPEcVHn-rnY1sZ9wIinyiRvPkJmtaADO85L1PUl6s37zj5VfcgK2nWfP4VL7JSoHOHExLnOcVsyKVgbBFMkt4UdFj2gBgxwO0BvcNp8OD46mhcS8j_N0q5XtJEdUrmzCLaxpbKT6-y4LBV2UWEVzXi1pzn9zsWMdoziMtZvHcF-_OXri7y_SuT0aHlgjPaCrEWQm40_BKKb39HmrtBVx4EttRTWkOeHsHq-l_K6ql4LbAuIS0TYWfGWa_RknH4rd0Q-G6dvgi7B3w1Vxx5B70buO-jo9etDJNBYn9EdfRcdeLZcg61kmqFFtLsNLYl6hnaH6_rPy7dphpZYfUP3VkVUKVrWTisi4srZ3riMd50tM147ewEhwOL-iIYpFlcaUIsv1ynRvug6JhgR5VGijl9-cnsnySRC60PkDf03pk6tl__FiHwM7_qkNvF0TE_kSsV5V_wioauUrWJaslUhPo13acZKLr75975_1U7_CVBbZ4G36gjLjuZsVcVCV1FWw0S_-5-MIrJ0InjKwIiKuvye0apa2UM0993xn57muLVtosx4glLFcvRiaZu14WK9idLEu6E6zX1iUICuDtiN4FF_VTv6yhG337ebazpirsVUiDydfgElZdXP:1o65QA:pJvAdmQjHulnjXXTAqwBlbgblQ-9WkeBGXBEvP9SfLE", "expire_date": "2022-07-12T07:14:02.750Z"}}, {"model": "sessions.session", "pk": "b7aauip04rzco2v9abdaychtxdoxzmvx", "fields": {"session_data": ".eJy9mNuOmzAQht-Fqx6SBsw5qrav0PumQgabBi2BiENXq1XevbYTyJhlUrIhuUEJiWe-f_z7-GZkRVoa6zcjY8baXhhtzauC7rixNuK0MQ4LI2_T9DXa82qX1XVWFlFb5VGe1U30zF9lS9lEvejCOAujyZpcxti0vkuCTesR29-0LrHEMwi8wBCZqlz8YSVbr2TrlXi3l82LNs_Fx-gUo_uq_i-_HI6UEWdZn9LTUqaWJ9KkoQXTD1LK1qtPP35-3z8_bTbs6-c-vwOSXxJwQtIkdGyM5x2aD9FcQsxNG3qecwFNNL4fWcVr3kT7F9bxBZAvtBImC-hxETJORBn9wLQGfCrEak_r-qWs2F1Qt6XwF_RUCCkdbscimm_TcU_J1ld7SqWkrK-LZcKUHktjmYyaMP0gpWjdZwz1AqDIfQEAdEcDHW5ZmMVRHNzic8ABi1sE8zjKhnr8RrQqpsm6KnOuuceyIWAQMiKexCfj9pExVjLG1R46Z4dGcjAjnUHGkkM3SQGwLKiEvixDERqdZiwXM9ZlPNxdM8NCo3mY0S6zom6bD3XHi1b3nDbxBzZLREjbdS94Tsb4mOdUdui5AJ-8TPH0OfUh1BiI5j9_UCdMjl4nIEgj1fwX4hPbVNQLXpwXHHiRmPikN5Ub9-Vs2DVPyoJFQ4MQCzdIkPyX_hj17BMpQqXI2FHJfYVA_xCC--dKJY-wEZQB3WTjbrpSxQNMBU4D0FPoQuf5ji31uOaA-xyotxEsUOem-0rQ3ISuhlM0PMJAABz6B10Zp3A_wDK7Nm8ycIyse3JtnfSIH6pjSCo-O_Iw4qRuckGFigu01I9g1yofYPyTeuE9_wM6g4lvVRa3DR_tEW1FPpPLLKYn1TlsoOIccLQrph7pwWRiowsUem6GG5Ybz587MZJpjwLmNfWDiOdxeUJO4USsfjr2HG22T9--fJ4JJs0KWiTiTJEkZVvo52JbG_cBI54qk7z5CJnVg47sOE9RV6eoV-87h1TtPi_pufv8KVxip0TlCCcmznWM25NJwdogmCK5L-y46BE1YIDbAXqD0-fD8dHR_CAhf2menXtFG9khlTuLIE4slZ28z47LUmEfKGzsIlJtEU6XkEQ-xoeYH6vMjumJPJnYXIh_pHSZsWVCK7Ysxdtkm-Ws4uKXX7ddYR5-C1BbZ4FXGAjLlhZsWSdCV1nV40QfvQBTRJZOBKd0jKhsqz85reulPUZz24XKYTHHEbmLMuNypYrl6MXSRsZ4sV5EaZLtWJ3mnp4F4OHwD5EmYjA:1nN89u:PdJya2p4WMvGxY-pkY81EYKSO0O_HjKkPc-dEdMZbZw", "expire_date": "2022-03-10T07:03:26.697Z"}}, {"model": "sessions.session", "pk": "bdy8esp475jt0a6kbenukvd3t76984qx", "fields": {"session_data": ".eJy9mNuOmzAQht-Fqx6SBsw5qrav0PumQgabBi2BiENXq1XevbYTyJhlUrIhuUEJiWe-f_z7-GZkRVoa6zcjY8baXhhtzauC7rixNuK0MQ4LI2_T9DXa82qX1XVWFlFb5VGe1U30zF9lS9lEvejCOAujyZpcxti0vkuCTesR29-0LrHEMwi8wBCZqlz8YSVbr2TrlXi3l82LNs_Fx-gUo_uq_i-_HI6UEWdZn9LTUqaWJ9KkoQXTD1LK1qtPP35-3z8_bTbs6-c-vwOSXxJwQtIkdGyM5x2aD9FcQsxNG3qecwFNNL4fWcVr3kT7F9bxBZAvtBImC-hxETJORBn9wLQGfCrEak_r-qWs2F1Qt6XwF_RUCCkdbscimm_TcU_J1ld7SqWkrK-LZcKUHktjmYyaMP0gpWjdZwz1AqDIfQEAdEcDHW5ZmMVRHNzic8ABi1sE8zjKhnr8RrQqpsm6KnOuuceyIWAQMiKexCfj9pExVjLG1R46Z4dGcjAjnUHGkkM3SQGwLKiEvixDERqdZiwXM9ZlPNxdM8NCo3mY0S6zom6bD3XHi1b3nDbxBzZLREjbdS94Tsb4mOdUdui5AJ-8TPH0OfUh1BiI5j9_UCdMjl4nIEgj1fwX4hPbVNQLXpwXHHiRmPikN5Ub9-Vs2DVPyoJFQ4MQCzdIkPyX_hj17BMpQqXI2FHJfYVA_xCC--dKJY-wEZQB3WTjbrpSxQNMBU4D0FPoQuf5ji31uOaA-xyotxEsUOem-0rQ3ISuhlM0PMJAABz6B10Zp3A_wDK7Nm8ycIyse3JtnfSIH6pjSCo-O_Iw4qRuckGFigu01I9g1yofYPyTeuE9_wM6g4lvVRa3DR_tEW1FPpPLLKYn1TlsoOIccLQrph7pwWRiowsUem6GG5Ybz587MZJpjwLmNfWDiOdxeUJO4USsfjr2HG22T9--fJ4JJs0KWiTiTJEkZVvo52JbG_cBI54qk7z5CJnVg47sOE9RV6eoV-87h1TtPi_pufv8KVxip0TlCCcmznWM25NJwdogmCK5L-y46BE1YIDbAXqD0-fD8dHR_CAhf2menXtFG9khlTuLIE4slZ28z47LUmEfKGzsIlJtEU6XkEQ-xoeYH6vMjumJPJnYXIh_pHSZsWVCK7Ysxdtkm-Ws4uKXX7ddYR5-C1BbZ4FXGAjLlhZsWSdCV1nV40QfvQBTRJZOBKd0jKhsqz85reulPUZz24XKYTHHEbmLMuNypYrl6MXSRsZ4sV5EaZLtWJ3mnp4F4OHwD5EmYjA:1nPa7g:AhNZbAvc2Q26F-3iopzOUxFIWjDWx2C5nOwzD-iyGfM", "expire_date": "2022-03-17T01:19:16.339Z"}}, {"model": "sessions.session", "pk": "k8dk86zbntmga6kf04oanm45hze75820", "fields": {"session_data": ".eJy9mNuOozgQht-Fqzl0JmDOrdXsxbzAam83K2SwmaAmEHHY1miUd1_bCVCmXUwyoXODEhJXfX_59_GnVVR5bT3_tApmPbtPVt_ypqIHbj1bad5Zpyer7PP8R3LkzaFo26Kukr4pk7Jou-SF_5AtZRP1YgjjPVld0ZUyxq4PfRLt-oC44a73iSOeURRElsjUlOIPW9l6K1tvxbujbF71ZSk-JpcYw1f1f_nldKZMOCvGlIGWMncCkSaPHZh-llK23n74868_ji9fdzv2-eOY3wPJlwRckDQJAxvj5YAWQjSfEHvXx0HgLaCJxu9H1vCWd8nxlQ18EeSLnYzJAgZchEwzUcYwsp0ZnwqxPdK2fa0b9i6o-1r4C3oqhpQed1MRLXSp2VOy9c2eUikpG-vi2DBlwPJUJqM2TD9LKVqPGWO9ACjyWAAAPdBAhzsOZnEUB7f4GnDA4g7BPI6yoR6_E61Jafbc1CXX3OO4EDCKGRFPEhKzfWSMrYxxs4em7NBIHmakCcSUHLpJCoBlQSWMZZmL0Og0Y_mYsZbxcHetDAuNFmBGW2ZF3bYe6oFXve45beKPXJaJkK7vL3hOxvg9z6ns0HMRPnnZ4hlyGkIoE4jmv3BWJ0yOXicgSCPV_BfjE9u1qAteXBcceJHY-KR3LTfuy9WwW57VFUvmBiEObpAo-yX9OerkEylCpSjYWcn7CoH-IQT3z41KHmEjKAO6ycXddKOKB5gKnAagp9CFLgg9V-rx7Rn3FGi0ESzQ4Kb3laC5CV0Nr9HwCAMBcOgfdGW8hvsBljn0ZVeAY2Q7kmvrZEDCWB1DcvHZk4cRL_ezBRUqLtDSPoJdq3yE8V_VC2_5H9AZTHxrirTvuLFHtBV5IpdZ7ECq89hMxRTQ2BXXHunBZOKiCxR6boYbljvPnwcxkumIAuY19YOIF3B5Qs7hRKx-Ovcc7fZfv3z6uBJMXlS0ysSZIsvqvtLPxa427iNGAlUmefMRM2cENew4L1G3l6g37zvnVP2xrOnUfeE1XGKnROUIJzbOdY47kknB2iC4RvJYWLNogxowwN0IvcEZ8-H46Gh-kJD_aFlMvaKN7JjKnUWUZo7KTt5mx2WpsA8V1tKStwda0e9czGhdkjWZfusI9uPf_v4m769yOT06ARijsyBbEeRm45tAdPN72twV--o4kFJHYZk8b8Ka-V7Km6r6VuBYQFwiws7q10qjJ8v0qdwRhWyZfgi6Kr_pNlrtEy830UQ-zPOsFCCenh2IXIXYYYp_5HRTsE1GG7apxdtsX5Ss4eKXf-67xz79K0BdnQXeYyEse1qxTZsJXXXTmol-9xZUETk6EVzXMaK6b76XtG03ronmvlu109Ma9yRDlBX3LKpYnl4sbXo0F-tVlCbbm-q09hqtAH0dcBqmi_5q9_SFI26_b_4UUKfT__d_Pb0:1o4f9t:PN6Zpb1Fu0HJe9MZVokVfq1WCIkoM_0Fcmv-y6HZyWw", "expire_date": "2022-07-08T08:59:21.987Z"}}, {"model": "sessions.session", "pk": "mixtpefxlgwc57aor5ttghh88bi4a6kd", "fields": {"session_data": ".eJy9mNuOmzAQht-Fqx6SBsw5qrav0PumQgabBi2BiENXq1XevbYTyJhlUrIhuUEJiWe-f_z7-GZkRVoa6zcjY8baXhhtzauC7rixNuK0MQ4LI2_T9DXa82qX1XVWFlFb5VGe1U30zF9lS9lEvejCOAujyZpcxti0vkuCTesR29-0LrHEMwi8wBCZqlz8YSVbr2TrlXi3l82LNs_Fx-gUo_uq_i-_HI6UEWdZn9LTUqaWJ9KkoQXTD1LK1qtPP35-3z8_bTbs6-c-vwOSXxJwQtIkdGyM5x2aD9FcQsxNG3qecwFNNL4fWcVr3kT7F9bxBZAvtBImC-hxETJORBn9wLQGfCrEak_r-qWs2F1Qt6XwF_RUCCkdbscimm_TcU_J1ld7SqWkrK-LZcKUHktjmYyaMP0gpWjdZwz1AqDIfQEAdEcDHW5ZmMVRHNzic8ABi1sE8zjKhnr8RrQqpsm6KnOuuceyIWAQMiKexCfj9pExVjLG1R46Z4dGcjAjnUHGkkM3SQGwLKiEvixDERqdZiwXM9ZlPNxdM8NCo3mY0S6zom6bD3XHi1b3nDbxBzZLREjbdS94Tsb4mOdUdui5AJ-8TPH0OfUh1BiI5j9_UCdMjl4nIEgj1fwX4hPbVNQLXpwXHHiRmPikN5Ub9-Vs2DVPyoJFQ4MQCzdIkPyX_hj17BMpQqXI2FHJfYVA_xCC--dKJY-wEZQB3WTjbrpSxQNMBU4D0FPoQuf5ji31uOaA-xyotxEsUOem-0rQ3ISuhlM0PMJAABz6B10Zp3A_wDK7Nm8ycIyse3JtnfSIH6pjSCo-O_Iw4qRuckGFigu01I9g1yofYPyTeuE9_wM6g4lvVRa3DR_tEW1FPpPLLKYn1TlsoOIccLQrph7pwWRiowsUem6GG5Ybz587MZJpjwLmNfWDiOdxeUJO4USsfjr2HG22T9--fJ4JJs0KWiTiTJEkZVvo52JbG_cBI54qk7z5CJnVg47sOE9RV6eoV-87h1TtPi_pufv8KVxip0TlCCcmznWM25NJwdogmCK5L-y46BE1YIDbAXqD0-fD8dHR_CAhf2menXtFG9khlTuLIE4slZ28z47LUmEfKGzsIlJtEU6XkEQ-xoeYH6vMjumJPJnYXIh_pHSZsWVCK7Ysxdtkm-Ws4uKXX7ddYR5-C1BbZ4FXGAjLlhZsWSdCV1nV40QfvQBTRJZOBKd0jKhsqz85reulPUZz24XKYTHHEbmLMuNypYrl6MXSRsZ4sV5EaZLtWJ3mnp4F4OHwD5EmYjA:1nN7JZ:J5g7mrCVqU2_LE-MVWFHRkvoz1jqEKdyq-wIw3--8hE", "expire_date": "2022-03-10T06:09:21.963Z"}}, {"model": "sessions.session", "pk": "o3vbd9le6j6ugs6819e8jpduh1gkznuc", "fields": {"session_data": ".eJy9mduOm0gQht-Fq83ueA3NeRQlWs0LRFHu1ivUppsYDQYLzI6iyO-e7raBakwxOMbcIJ-66vur_z76p5HmSWE8_zRSZjzbT0Zd8TKne248G9vkaJyejKxOkh_RgZf7tKrSIo_qMouytDpGr_yHbCmbqA-aMM6TcUyPmYyxqX2XBJvaI7a_qV1iiWcQeIEhMpWZ-MFatl7L1mvx2UE2z-ssEy-jS4zmrfq9fHM6U0acpW1KT0uZWJ5Ik4QWTN9LKVuv__j85ePh9dNmw_760OZ3QPIxARckTULDxnjWoPkQzSXE3NSh5zkjaKLx48hKXvFjdHhjDV8A-UIrZrKAHhcht7Eoox-YVo9PhVgfaFW9FSV7COquEP6CngohpcPtrYjm23TYU7L1zZ5SKSlr62KZMKXHkq1MRk2YvpdStG4zhnoBUOS2AAC6oYEOtyzM4igObvE54IDFLYJ5HGVDPX4nWrml8XNZZFxzj2VDwCBkRDyJT4btI2OsZYybPdRlh0ZyMCN1IEPJoZukAFgWVEJblr4IjU4zlosZaxwPd9fMsNBoHma0cVbUbfOh7nle657TJv7AZrEIabvuiOdkjN_znMoOPRfgk5cpnj6nPoQaAtH85_fqhMnR6wQEaaSa_0J8YpuKOuLFecGBF4mJT3pTuXFfzoZd8bjIWdQ3CLFwgwTxu_TnqJ1PpAiVImVnJY8VAv1DCO6fG5UsYSMoA7rJxt10o4oFTAVOA9BT6ELn-Y4t9bhmj7sL1NoIFqhx02MlaG5CV8MpGpYwEACH_kFXxincC1hmX2fHFBwjq5ZcWyc94ofqGJKI1448jDiJG4-oUHGBlmoJdq3yAcY_qReu-RfoDCbelem2PvLBHtFW5I5cZjE9qc5hPRVdwMGumHqkB5OJjS5Q6LkZbljuPH_uxUimLQqY19QXIp7H5Qk5gROx-urcc_S4-_T3nx9mgknSnOaxOFPEcVHn-rnY1sZ9wIinyiRvPkJmtaADO85L1PUl6s37zj5VfcgK2nWfP4VL7JSoHOHExLnOcVsyKVgbBFMkt4UdFj2gBgxwO0BvcNp8OD46mhcS8j_N0q5XtJEdUrmzCLaxpbKT6-y4LBV2UWEVzXi1pzn9zsWMdoziMtZvHcF-_OXri7y_SuT0aHlgjPaCrEWQm40_BKKb39HmrtBVx4EttRTWkOeHsHq-l_K6ql4LbAuIS0TYWfGWa_RknH4rd0Q-G6dvgi7B3w1Vxx5B70buO-jo9etDJNBYn9EdfRcdeLZcg61kmqFFtLsNLYl6hnaH6_rPy7dphpZYfUP3VkVUKVrWTisi4srZ3riMd50tM147ewEhwOL-iIYpFlcaUIsv1ynRvug6JhgR5VGijl9-cnsnySRC60PkDf03pk6tl__FiHwM7_qkNvF0TE_kSsV5V_wioauUrWJaslUhPo13acZKLr75975_1U7_CVBbZ4G36gjLjuZsVcVCV1FWw0S_-5-MIrJ0InjKwIiKuvye0apa2UM0993xn57muLVtosx4glLFcvRiaZu14WK9idLEu6E6zX1iUICuDtiN4FF_VTv6yhG337ebazpirsVUiDydfgElZdXP:1o6UH7:8YiwMvdx0vZnp_g0y7wYxu221DfNgEjTdU5xN8-KBkI", "expire_date": "2022-07-13T09:46:21.001Z"}}, {"model": "sessions.session", "pk": "s2ot47uhhms5y7lnj24nd0y97kwzyn6s", "fields": {"session_data": ".eJy9ld2OmzAQhd_FV62aCEzAkKjqj_oCvehdqZDBdnDjALKxou0q795xdgkQBaqoyd5YwfGc-c7YHj8jWYkabZ6RZGizXiBruK7onqMN-l3-KXm1_VIeikKh4wIpK8RT1nC9l8bIusqsVpmSps12_MlpuODTRCcYLlArW-XUUhtHQZJaEqzi1EYBhjFJSIIgp1awwHPRnov2YK5x4ZVVCn5mrxrd52m9-zi-8GacyXNKMkopMIE0Yo2H6S9Sumjv3efvH5vdpzRlH96f84eD5HMGXpFGFjo2xlWHFg_RoiDwU7smJJxBg-DHkWlueJs1B9bxJUO-NS6YKyDhIJkXUMY48fEF30nCa6gxh1qzh6DqnBYbBl9a5rblg-NnOu5gPQQncbhyhY18l8AnzkrIenAn6PWC3kDw5oNH2bl4KzyCYCJ36ak_s7sQfa8qGaq42dOKbvmeV21Gi3Z8EUc3kSRk5QqFhdtbUcCISdTTXah5oHbzxbxGZBtV03PFwmh03iLf1Sqn-Ou3H6kNuU9hFIE_j_Ui2Zfxoo6TTs91nPY6YYLVh2pkg8zbyF0Ditm8jU70TY30nSmMZzz0neofHiab1dttSrav-41JZkwRGmDHEIvbN8klAa8PsXftmYU1tntiAzdc7xPOG4yhTyCXLOoKVgi6lGxZUM2WNcwWpVRMc_jn5_890MdfAIrHLMPGO8FS1lZvFTwXy9U1mjs28hNgNAbsj8A0IK2YKemOT5TrTm0U6I7Hv5VpCX8:1o6SDm:cao7PNeannE7lRVnUK1O7NWupmGjuxe0OYHct-S7GOc", "expire_date": "2022-07-13T07:34:46.698Z"}}, {"model": "sessions.session", "pk": "to14zc4e4h0uucmpuewfqd7jrh5657dc", "fields": {"session_data": ".eJy9mF2TmjAUhv8LV912rRC-nc72L_S-dphIQmUWwYJ0Z2fH_94kCpywHIsrcsMomnOe9-TN55uR5klhrN6MlBkr69GoK17mdMeNlZG9_jGOj0ZWJ8lrtOflLq2qtMijusyiLK0O0TN_lS1lE_WiCeM8Gof0kMkY69p3SbCuPWL769ollngGgRcYIlOZiT8sZeulbL0U7_ayeV5nmfgYnWM0X9X_5ZfjiTLiLG1TelrKxPJEmiS0YPpeStl6-en7j2_756f1mn15aPM7IPklAWckTULDxnjWoPkQzSXEXNeh5zkX0ETj-5GVvOKHaP_CGr4A8oVWzGQBPS5CbmJRRj8wrR6fCrHc06p6KUp2F9RtIfwFPRVCSofbGxHNt-mwp2Trqz2lUlLW1sUyYUqPJRuZjJowfS-laN1mDPUCoMhtAQB0QwMdblmYxVEc3OJTwAGLWwTzOMqGevxGtHJD41VZZFxzj2VDwCBkRDyJT4btI2MsZYyrPdRlh0ZyMCN1IEPJoZukAFgWVEJblr4IjU4zlosZ6zIe7q6JYaHRPMxol1lRt02HuuN5rXtOm_gDm8UipO26FzwnY3zMcyo79FyAT16mePqc-hBqCETzn9-rEyZHrxMQpJFq_gvxiW0s6gUvTgsOvEhMfNIby437cjLsisdFzqK-QYiFGySI_0t_itr5RIpQKVJ2UnJfIdA_hOD-uVLJHDaCMqCbbNxNV6qYwVTgNAA9hS50nu_YUo9r9ri7QK2NYIEaN91XguYmdDUco2EOAwFw6B90ZRzDPYNldnV2SMExsmrJtXXSI36ojiGJ-OzIw4iTuPEFFSou0FLNwa5VPsD4R_XCe_4ZOoOJb2W6qQ98sEe0Fbkjl1lMT6pzWE9FF3CwK8Ye6cFkYqMLFHpuhhuWG8-fOzGSaYsC5jX1g4jncXlCTuBErH469Rw9bJ--fn6YCCZJc5rH4kwRx0Wd6-diWxv3ASOeKpO8-QiZ1YIO7DjPUZfnqFfvO_tU9T4raNd9_hgusVOicoQTE-c6xW3JpGBtEIyR3BZ2WPSAGjDA7QC9wWnz4fjoaJ5JyF-apV2vaCM7pHJnEWxiS2Un77PjslTYGYUNXUSqLcL5EpLIx_AQ8zcqs2N6Ik8qNhfiHwldpGwR05ItCvE23qYZK7n45edtV5jHXwLU1lngFQbCsqU5W1Sx0FWU1TDRRy_AFJGlE8EpHSMq6vJ3RqtqYQ_R3Hahcnyc4ojcRJlwuVLFcvRiaSNjuFgvojTxdqhOU0_PAvB4_AfHc2JI:1nPbYS:7rMRgwHJui0XLEcDhSbvTTkTUcBi8EenPcfkgf6dr8M", "expire_date": "2022-03-17T02:51:00.859Z"}}, {"model": "sessions.session", "pk": "unwwchuer90aomkqfkht10n79uqcr7s8", "fields": {"session_data": ".eJy9mNuOmzAQht-Fqx6SBsw5qrav0PumQgabBi2BiENXq1XevbYTyJhlUrIhuUEJiWe-f_z7-GZkRVoa6zcjY8baXhhtzauC7rixNuK0MQ4LI2_T9DXa82qX1XVWFlFb5VGe1U30zF9lS9lEvejCOAujyZpcxti0vkuCTesR29-0LrHEMwi8wBCZqlz8YSVbr2TrlXi3l82LNs_Fx-gUo_uq_i-_HI6UEWdZn9LTUqaWJ9KkoQXTD1LK1qtPP35-3z8_bTbs6-c-vwOSXxJwQtIkdGyM5x2aD9FcQsxNG3qecwFNNL4fWcVr3kT7F9bxBZAvtBImC-hxETJORBn9wLQGfCrEak_r-qWs2F1Qt6XwF_RUCCkdbscimm_TcU_J1ld7SqWkrK-LZcKUHktjmYyaMP0gpWjdZwz1AqDIfQEAdEcDHW5ZmMVRHNzic8ABi1sE8zjKhnr8RrQqpsm6KnOuuceyIWAQMiKexCfj9pExVjLG1R46Z4dGcjAjnUHGkkM3SQGwLKiEvixDERqdZiwXM9ZlPNxdM8NCo3mY0S6zom6bD3XHi1b3nDbxBzZLREjbdS94Tsb4mOdUdui5AJ-8TPH0OfUh1BiI5j9_UCdMjl4nIEgj1fwX4hPbVNQLXpwXHHiRmPikN5Ub9-Vs2DVPyoJFQ4MQCzdIkPyX_hj17BMpQqXI2FHJfYVA_xCC--dKJY-wEZQB3WTjbrpSxQNMBU4D0FPoQuf5ji31uOaA-xyotxEsUOem-0rQ3ISuhlM0PMJAABz6B10Zp3A_wDK7Nm8ycIyse3JtnfSIH6pjSCo-O_Iw4qRuckGFigu01I9g1yofYPyTeuE9_wM6g4lvVRa3DR_tEW1FPpPLLKYn1TlsoOIccLQrph7pwWRiowsUem6GG5Ybz587MZJpjwLmNfWDiOdxeUJO4USsfjr2HG22T9--fJ4JJs0KWiTiTJEkZVvo52JbG_cBI54qk7z5CJnVg47sOE9RV6eoV-87h1TtPi_pufv8KVxip0TlCCcmznWM25NJwdogmCK5L-y46BE1YIDbAXqD0-fD8dHR_CAhf2menXtFG9khlTuLIE4slZ28z47LUmEfKGzsIlJtEU6XkEQ-xoeYH6vMjumJPJnYXIh_pHSZsWVCK7Ysxdtkm-Ws4uKXX7ddYR5-C1BbZ4FXGAjLlhZsWSdCV1nV40QfvQBTRJZOBKd0jKhsqz85reulPUZz24XKYTHHEbmLMuNypYrl6MXSRsZ4sV5EaZLtWJ3mnp4F4OHwD5EmYjA:1nMgA4:fEkU0wXRNJxc9EOKaAVjOSB405QqfFdB1UT0-dChy0k", "expire_date": "2022-03-09T01:09:44.516Z"}}, {"model": "sessions.session", "pk": "ve9qwtetsriwoy38dv3fe47hcrkl4zk6", "fields": {"session_data": ".eJy9mNuOmzAQht-Fqx6SBsw5qrav0PumQgabBi2BiENXq1XevbYTyJhlUrIhuUEJiWe-f_z7-GZkRVoa6zcjY8baXhhtzauC7rixNuK0MQ4LI2_T9DXa82qX1XVWFlFb5VGe1U30zF9lS9lEvejCOAujyZpcxti0vkuCTesR29-0LrHEMwi8wBCZqlz8YSVbr2TrlXi3l82LNs_Fx-gUo_uq_i-_HI6UEWdZn9LTUqaWJ9KkoQXTD1LK1qtPP35-3z8_bTbs6-c-vwOSXxJwQtIkdGyM5x2aD9FcQsxNG3qecwFNNL4fWcVr3kT7F9bxBZAvtBImC-hxETJORBn9wLQGfCrEak_r-qWs2F1Qt6XwF_RUCCkdbscimm_TcU_J1ld7SqWkrK-LZcKUHktjmYyaMP0gpWjdZwz1AqDIfQEAdEcDHW5ZmMVRHNzic8ABi1sE8zjKhnr8RrQqpsm6KnOuuceyIWAQMiKexCfj9pExVjLG1R46Z4dGcjAjnUHGkkM3SQGwLKiEvixDERqdZiwXM9ZlPNxdM8NCo3mY0S6zom6bD3XHi1b3nDbxBzZLREjbdS94Tsb4mOdUdui5AJ-8TPH0OfUh1BiI5j9_UCdMjl4nIEgj1fwX4hPbVNQLXpwXHHiRmPikN5Ub9-Vs2DVPyoJFQ4MQCzdIkPyX_hj17BMpQqXI2FHJfYVA_xCC--dKJY-wEZQB3WTjbrpSxQNMBU4D0FPoQuf5ji31uOaA-xyotxEsUOem-0rQ3ISuhlM0PMJAABz6B10Zp3A_wDK7Nm8ycIyse3JtnfSIH6pjSCo-O_Iw4qRuckGFigu01I9g1yofYPyTeuE9_wM6g4lvVRa3DR_tEW1FPpPLLKYn1TlsoOIccLQrph7pwWRiowsUem6GG5Ybz587MZJpjwLmNfWDiOdxeUJO4USsfjr2HG22T9--fJ4JJs0KWiTiTJEkZVvo52JbG_cBI54qk7z5CJnVg47sOE9RV6eoV-87h1TtPi_pufv8KVxip0TlCCcmznWM25NJwdogmCK5L-y46BE1YIDbAXqD0-fD8dHR_CAhf2menXtFG9khlTuLIE4slZ28z47LUmEfKGzsIlJtEU6XkEQ-xoeYH6vMjumJPJnYXIh_pHSZsWVCK7Ysxdtkm-Ws4uKXX7ddYR5-C1BbZ4FXGAjLlhZsWSdCV1nV40QfvQBTRJZOBKd0jKhsqz85reulPUZz24XKYTHHEbmLMuNypYrl6MXSRsZ4sV5EaZLtWJ3mnp4F4OHwD5EmYjA:1nNArK:PuVp_pMqskzcxqrmbID0eHVyZ8fbgoD_WB97Jz0cJEk", "expire_date": "2022-03-10T09:56:26.751Z"}}, {"model": "sessions.session", "pk": "x59dh53pz7dklgkkgrxb7bw776fpk4rp", "fields": {"session_data": ".eJy9mNuOmzAQht-Fqx6SBsw5qrav0PumQgabBi2BiENXq1XevbYTyJhlUrIhuUEJiWe-f_z7-GZkRVoa6zcjY8baXhhtzauC7rixNuK0MQ4LI2_T9DXa82qX1XVWFlFb5VGe1U30zF9lS9lEvejCOAujyZpcxti0vkuCTesR29-0LrHEMwi8wBCZqlz8YSVbr2TrlXi3l82LNs_Fx-gUo_uq_i-_HI6UEWdZn9LTUqaWJ9KkoQXTD1LK1qtPP35-3z8_bTbs6-c-vwOSXxJwQtIkdGyM5x2aD9FcQsxNG3qecwFNNL4fWcVr3kT7F9bxBZAvtBImC-hxETJORBn9wLQGfCrEak_r-qWs2F1Qt6XwF_RUCCkdbscimm_TcU_J1ld7SqWkrK-LZcKUHktjmYyaMP0gpWjdZwz1AqDIfQEAdEcDHW5ZmMVRHNzic8ABi1sE8zjKhnr8RrQqpsm6KnOuuceyIWAQMiKexCfj9pExVjLG1R46Z4dGcjAjnUHGkkM3SQGwLKiEvixDERqdZiwXM9ZlPNxdM8NCo3mY0S6zom6bD3XHi1b3nDbxBzZLREjbdS94Tsb4mOdUdui5AJ-8TPH0OfUh1BiI5j9_UCdMjl4nIEgj1fwX4hPbVNQLXpwXHHiRmPikN5Ub9-Vs2DVPyoJFQ4MQCzdIkPyX_hj17BMpQqXI2FHJfYVA_xCC--dKJY-wEZQB3WTjbrpSxQNMBU4D0FPoQuf5ji31uOaA-xyotxEsUOem-0rQ3ISuhlM0PMJAABz6B10Zp3A_wDK7Nm8ycIyse3JtnfSIH6pjSCo-O_Iw4qRuckGFigu01I9g1yofYPyTeuE9_wM6g4lvVRa3DR_tEW1FPpPLLKYn1TlsoOIccLQrph7pwWRiowsUem6GG5Ybz587MZJpjwLmNfWDiOdxeUJO4USsfjr2HG22T9--fJ4JJs0KWiTiTJEkZVvo52JbG_cBI54qk7z5CJnVg47sOE9RV6eoV-87h1TtPi_pufv8KVxip0TlCCcmznWM25NJwdogmCK5L-y46BE1YIDbAXqD0-fD8dHR_CAhf2menXtFG9khlTuLIE4slZ28z47LUmEfKGzsIlJtEU6XkEQ-xoeYH6vMjumJPJnYXIh_pHSZsWVCK7Ysxdtkm-Ws4uKXX7ddYR5-C1BbZ4FXGAjLlhZsWSdCV1nV40QfvQBTRJZOBKd0jKhsqz85reulPUZz24XKYTHHEbmLMuNypYrl6MXSRsZ4sV5EaZLtWJ3mnp4F4OHwD5EmYjA:1nN7Ju:EAtMAxGXyXugRCnDuKWxrkOVYXXZHKb057vof_uhH4g", "expire_date": "2022-03-10T06:09:42.959Z"}}, {"model": "sessions.session", "pk": "z8sdfao7z065ub4gb1ehnkrqxpiq4aic", "fields": {"session_data": ".eJy9mNuSmzgQht-Fq2QzXoM4T21lL_ICW3sbpyiBREwNBheHnUql_O4ryTa0GDWxY4YbysZW9_e3fh1_WkWV19bzT6tg1rP7ZPUtbyp64NazleaddXqyyj7PfyRH3hyKti3qKumbMimLtkte-A_ZUjZRL65hvCerK7pSxtj1oU-iXR8QN9z1PnHEM4qCyBKZmlL8YStbb2XrrXh3lM2rvizFx-QS4_pV_V9-OZ0pE86KIWWgpcydQKTJYwemn6SUrbcf_v7nr-PL592Offo45PdA8jkBFyRNwpWN8fKKFkI0nxB718dB4M2gicbvR9bwlnfJ8ZVd-SLIFzsZkwUMuAiZZqKMYWQ7Ez4VYnukbftaN-xdUPe18Bf0VAwpPe6mIlroUrOnZOu7PaVSUjbUxbFhyoDlqUxGbZh-klK0HjLGegFQ5KEAAPpKAx3uOJjFURzc4kvAAYs7BPM4yoZ6_EG0JqXZc1OXXHOP40LAKGZEPElIzPaRMbYyxt0eGrNDI3mYkUYQU3LoJikAlgWVMJRlKkKj04zlY8aax8PdtTAsNFqAGW2eFXXbcqgHXvW657SJP3JZJkK6vj_jORnj9zynskPPRfjkZYtnyGkIoUwgmv_CSZ0wOXqdgCCNVPNfjE9st6LOeHFZcOBFYuOT3q3cuC8Xw255VlcsmRqEOLhBouyX9Oeoo0-kCJWiYGcl7ysE-ocQ3D93KlnDRlAGdJOLu-lOFSuYCpwGoKfQhS4IPVfq8e0J9xhosBEs0NVN7ytBcxO6Gt6iYQ0DAXDoH3RlvIV7Bcsc-rIrwDGyHci1dTIgYayOIbn47MnDiJf72YwKFRdoaddg1yofYfw39cJb_hU6g4lvTZH2HTf2iLYij-Qyix1IdR6bqBgDGrvi1iM9mExcdIFCz81ww_Lg-fMgRjIdUMC8pn4Q8QIuT8g5nIjVT-eeo93-859_fFwIJi8qWmXiTJFldV_p52JXG_cRI4Eqk7z5iJkzgBp2nJeo20vUu_edU6r-WNZ07L7wFi6xU6JyhBMb5zrHHcikYG0Q3CJ5KKxZtEENGOBuhN7gDPlwfHQ0ryTkP1oWY69oIzumcmcRpZmjspO32XFZKuyqwlpa8vZAK_qdixmtS7Im028dwX78y79f5P1VLqdHJwBjdBJkK4LcbXwTiG5-T5u7Yl8dB1LqKCyT501YE99LeWNV3wocCohLRNhZ_Vpp9GSePpU7opDN01-DrsE_DlXPnUEfR-4v0NHr1wUkmC7U1Vb3cplO5MO8VEgh4unZgchViE2y-EdONwXbZLRhm1q8zfZFyRoufvn62FX86ZsAdXUWeBWHsOxpxTZtJnTVTWsm-t2LXEXk6ERwa4IR1X3zvaRtu3FNNI9dDJ6elrjquUZZcNuliuXpxdJmeHOxXkVpsr2pTktvMxSgrwOOw3XWX-2evnDE7Y8tAQLqdPofnsZ8TA:1o5HW5:tBOYD_6ckVp5I7YmTDCXaqAITSBf3axrNzKMDqpWGaY", "expire_date": "2022-07-10T01:56:49.720Z"}}, {"model": "app01.department", "pk": 1, "fields": {"title": "教学部"}}, {"model": "app01.department", "pk": 2, "fields": {"title": "销售部"}}, {"model": "app01.userinfo", "pk": 1, "fields": {"name": "lyq", "password": "123", "email": "wupeiqi@xxx.com", "phone": "15131255089", "level": 1, "depart": 1, "roles": [1]}}, {"model": "app01.userinfo", "pk": 3, "fields": {"name": "bft", "password": "123", "email": "bft@163.com", "phone": "13472536437", "level": 1, "depart": 1, "roles": [1]}}, {"model": "app01.userinfo", "pk": 7, "fields": {"name": "yvonney@hwccl", "password": "yvonney@hwccl", "email": "yvonney@hwccl.com", "phone": "18321408535", "level": 1, "depart": 1, "roles": [6]}}, {"model": "app01.userinfo", "pk": 8, "fields": {"name": "smTest", "password": "smTest", "email": "smTest@123", "phone": "18321401234", "level": 1, "depart": 1, "roles": [5]}}, {"model": "app01.userinfo", "pk": 9, "fields": {"name": "jhzheng@hwccl", "password": "jhzheng@hwccl", "email": "jhzheng@hwccl.com", "phone": "233", "level": 1, "depart": 2, "roles": [8]}}, {"model": "app01.userinfo", "pk": 10, "fields": {"name": "actTest", "password": "actTest", "email": "actTest@123", "phone": "233", "level": 1, "depart": 2, "roles": [7]}}, {"model": "app01.userinfo", "pk": 11, "fields": {"name": "安徽", "password": "anhui", "email": "anhui@hwccl", "phone": "anhui@hwccl", "level": 1, "depart": 2, "roles": [7]}}, {"model": "app01.host", "pk": 1, "fields": {"hostname": "c1.1com", "ip": "1.1.1.1", "depart": 1}}, {"model": "app01.financeaccount", "pk": 44, "fields": {"filename": "20220224095542_2022年1月营销费用预提表格式-GT-全国汇总（含税）.xlsx", "filepath": "media\\data\\20220224095542_2022年1月营销费用预提表格式-GT-全国汇总（含税）.xlsx", "is_alid": false, "upload_datetime": "2022-02-24T01:55:42.542Z", "upload_person": "bft"}}, {"model": "app01.financeaccount", "pk": 45, "fields": {"filename": "20220224102512_2022年1月营销费用预提表格式-GT-全国汇总（含税）.xlsx", "filepath": "media\\data\\20220224102512_2022年1月营销费用预提表格式-GT-全国汇总（含税）.xlsx", "is_alid": false, "upload_datetime": "2022-02-24T02:25:12.746Z", "upload_person": "lyq"}}, {"model": "app01.financeaccount", "pk": 46, "fields": {"filename": "20220224103533_2022年1月营销费用预提表格式-GT-全国汇总（含税）.xlsx", "filepath": "media\\data\\20220224103533_2022年1月营销费用预提表格式-GT-全国汇总（含税）.xlsx", "is_alid": true, "upload_datetime": "2022-02-24T02:35:33.877Z", "upload_person": "lyq"}}, {"model": "app01.financeaccount", "pk": 48, "fields": {"filename": "20220224141240_tt.xlsx", "filepath": "media\\data\\20220224141240_tt.xlsx", "is_alid": false, "upload_datetime": "2022-02-24T06:12:40.841Z", "upload_person": "bft"}}, {"model": "app01.financeaccount", "pk": 51, "fields": {"filename": "20220303091924_2022年1月营销费用预提表格式-GT-全国汇总（含税）.xlsx", "filepath": "media\\data\\20220303091924_2022年1月营销费用预提表格式-GT-全国汇总（含税）.xlsx", "is_alid": false, "upload_datetime": "2022-03-03T01:19:24.581Z", "upload_person": "bft"}}, {"model": "app01.financeaccount", "pk": 52, "fields": {"filename": "20220303104755_2022年1月营销费用预提表格式-GT-全国汇总（含税）.xlsx", "filepath": "media\\data\\20220303104755_2022年1月营销费用预提表格式-GT-全国汇总（含税）.xlsx", "is_alid": false, "upload_datetime": "2022-03-03T02:47:55.295Z", "upload_person": "test03"}}, {"model": "app01.salesmanagementcrc", "pk": 45, "fields": {"filename": "yyyy_正确2.xlsx", "filepath": "media\\sm/data\\yyyy_正确2.xlsx", "yearmonth": "202206", "upload_datetime": "2022-06-26T01:21:19.356Z", "upload_person": "smTest"}}, {"model": "app01.salesmanagementcrc", "pk": 75, "fields": {"filename": "待导入文件.xlsx", "filepath": "media\\sm/data\\待导入文件.xlsx", "yearmonth": "202206", "upload_datetime": "2022-06-28T08:55:08.121Z", "upload_person": "yvonney@hwccl"}}, {"model": "app01.salesmanagementact", "pk": 18, "fields": {"filename": "202206_jhzheng@hwccl_玄讯导入表.xlsx", "filepath": "media/sm_act/data/202206_jhzheng@hwccl_玄讯导入表.xlsx", "yearmonth": "202206", "upload_datetime": "2022-06-28T06:15:57.690Z", "upload_person": "jhzheng@hwccl"}}, {"model": "app01.salesmanagementact", "pk": 20, "fields": {"filename": "202206_actTest_玄讯导入表.xlsx", "filepath": "media/sm_act/data/202206_actTest_玄讯导入表.xlsx", "yearmonth": "202206", "upload_datetime": "2022-06-28T07:00:55.311Z", "upload_person": "actTest"}}, {"model": "app01.salesmanagementact", "pk": 30, "fields": {"filename": "202207_安徽_玄讯导入表.xlsx", "filepath": "media/sm_act/data/202207_安徽_玄讯导入表.xlsx", "yearmonth": "202207", "upload_datetime": "2022-06-29T07:34:10.028Z", "upload_person": "安徽"}}, {"model": "app01.salesmanagementact", "pk": 34, "fields": {"filename": "202206_bft_玄讯导入表.xlsx", "filepath": "media/sm_act/data/202206_bft_玄讯导入表.xlsx", "yearmonth": "202206", "upload_datetime": "2022-06-29T09:37:13.311Z", "upload_person": "bft"}}, {"model": "app01.salesmanagementact", "pk": 35, "fields": {"filename": "202207_jhzheng@hwccl_玄讯导入表.xlsx", "filepath": "media/sm_act/data/202207_jhzheng@hwccl_玄讯导入表.xlsx", "yearmonth": "202207", "upload_datetime": "2022-06-29T10:00:52.183Z", "upload_person": "jhzheng@hwccl"}}, {"model": "rbac.menu", "pk": 1, "fields": {"title": "权限管理", "icon": "fa-hourglass-3"}}, {"model": "rbac.menu", "pk": 2, "fields": {"title": "用户管理", "icon": "fa-id-card-o"}}, {"model": "rbac.menu", "pk": 3, "fields": {"title": "主机管理", "icon": "fa-hand-scissors-o"}}, {"model": "rbac.menu", "pk": 4, "fields": {"title": "财务管理", "icon": "fa-wrench"}}, {"model": "rbac.menu", "pk": 5, "fields": {"title": "销管管理", "icon": "fa-handshake-o"}}, {"model": "rbac.permission", "pk": 4, "fields": {"title": "用户列表", "url": "/user/list/", "name": "user_list", "menu": 2, "pid": null}}, {"model": "rbac.permission", "pk": 6, "fields": {"title": "编辑用户", "url": "/user/edit/(?P<pk>\\d+)/", "name": "user_edit", "menu": null, "pid": 4}}, {"model": "rbac.permission", "pk": 7, "fields": {"title": "删除用户", "url": "/user/del/(?P<pk>\\d+)/", "name": "user_del", "menu": null, "pid": 4}}, {"model": "rbac.permission", "pk": 8, "fields": {"title": "重置密码", "url": "/user/reset/password/(?P<pk>\\d+)/", "name": "user_reset_pwd", "menu": null, "pid": 4}}, {"model": "rbac.permission", "pk": 9, "fields": {"title": "主机列表", "url": "/host/list/", "name": "host_list", "menu": 3, "pid": null}}, {"model": "rbac.permission", "pk": 10, "fields": {"title": "添加主机", "url": "/host/add/", "name": "host_add", "menu": null, "pid": 9}}, {"model": "rbac.permission", "pk": 11, "fields": {"title": "编辑主机", "url": "/host/edit/(?P<pk>\\d+)/", "name": "host_edit", "menu": null, "pid": 9}}, {"model": "rbac.permission", "pk": 12, "fields": {"title": "删除主机", "url": "/host/del/(?P<pk>\\d+)/", "name": "host_del", "menu": null, "pid": 9}}, {"model": "rbac.permission", "pk": 13, "fields": {"title": "角色列表", "url": "/rbac/role/list/", "name": "rbac:role_list", "menu": 1, "pid": null}}, {"model": "rbac.permission", "pk": 14, "fields": {"title": "添加角色", "url": "/rbac/role/add/", "name": "rbac:role_add", "menu": null, "pid": 13}}, {"model": "rbac.permission", "pk": 15, "fields": {"title": "编辑角色", "url": "/rbac/role/edit/(?P<pk>\\d+)/", "name": "rbac:role_edit", "menu": null, "pid": 13}}, {"model": "rbac.permission", "pk": 16, "fields": {"title": "删除角色", "url": "/rbac/role/del/(?P<pk>\\d+)/", "name": "rbac:role_del", "menu": null, "pid": 13}}, {"model": "rbac.permission", "pk": 17, "fields": {"title": "菜单列表", "url": "/rbac/menu/list/", "name": "rbac:menu_list", "menu": 1, "pid": null}}, {"model": "rbac.permission", "pk": 18, "fields": {"title": "添加一级菜单", "url": "/rbac/menu/add/", "name": "rbac:menu_add", "menu": null, "pid": 17}}, {"model": "rbac.permission", "pk": 19, "fields": {"title": "编辑一级菜单", "url": "/rbac/menu/edit/(?P<pk>\\d+)/", "name": "rbac:menu_edit", "menu": null, "pid": 17}}, {"model": "rbac.permission", "pk": 20, "fields": {"title": "删除一级菜单", "url": "/rbac/menu/del/(?P<pk>\\d+)/", "name": "rbac:menu_del", "menu": null, "pid": 17}}, {"model": "rbac.permission", "pk": 21, "fields": {"title": "添加二级菜单", "url": "/rbac/second/menu/add/(?P<menu_id>\\d+)", "name": "rbac:second_menu_add", "menu": null, "pid": 17}}, {"model": "rbac.permission", "pk": 22, "fields": {"title": "编辑二级菜单", "url": "/rbac/second/menu/edit/(?P<pk>\\d+)/", "name": "rbac:second_menu_edit", "menu": null, "pid": 17}}, {"model": "rbac.permission", "pk": 23, "fields": {"title": "删除二级菜单", "url": "/rbac/second/menu/del/(?P<pk>\\d+)/", "name": "rbac:second_menu_del", "menu": null, "pid": 17}}, {"model": "rbac.permission", "pk": 24, "fields": {"title": "添加权限", "url": "/rbac/permission/add/(?P<second_menu_id>\\d+)/", "name": "rbac:permission_add", "menu": null, "pid": 17}}, {"model": "rbac.permission", "pk": 25, "fields": {"title": "编辑权限", "url": "/rbac/permission/edit/(?P<pk>\\d+)/", "name": "rbac:permission_edit", "menu": null, "pid": 17}}, {"model": "rbac.permission", "pk": 26, "fields": {"title": "删除权限", "url": "/rbac/permission/del/(?P<pk>\\d+)/", "name": "rbac:permission_del", "menu": null, "pid": 17}}, {"model": "rbac.permission", "pk": 27, "fields": {"title": "批量操作权限", "url": "/rbac/multi/permissions/", "name": "rbac:multi_permissions", "menu": null, "pid": 17}}, {"model": "rbac.permission", "pk": 28, "fields": {"title": "批量删除权限", "url": "/rbac/multi/permissions/del/(?P<pk>\\d+)/", "name": "rbac:multi_permissions_del", "menu": null, "pid": 17}}, {"model": "rbac.permission", "pk": 29, "fields": {"title": "权限分配", "url": "/rbac/distribute/permissions/", "name": "rbac:distribute_permissions", "menu": 1, "pid": null}}, {"model": "rbac.permission", "pk": 31, "fields": {"title": "添加用户", "url": "/user/add/", "name": "user_add", "menu": null, "pid": 4}}, {"model": "rbac.permission", "pk": 34, "fields": {"title": "media目录", "url": "/media/(?P<path>.*)", "name": "media", "menu": null, "pid": 4}}, {"model": "rbac.permission", "pk": 36, "fields": {"title": "账务科目列表", "url": "/finance/account/list/", "name": "finance_account_list", "menu": 4, "pid": null}}, {"model": "rbac.permission", "pk": 37, "fields": {"title": "账务科目上传", "url": "/finance/account/upload/", "name": "finance_account_upload", "menu": null, "pid": 36}}, {"model": "rbac.permission", "pk": 38, "fields": {"title": "删除科目", "url": "/finance/account/del/(?P<pk>\\d+)/", "name": "finance_account_del", "menu": null, "pid": 36}}, {"model": "rbac.permission", "pk": 39, "fields": {"title": "验证财务科目", "url": "/finance/account/valid/(?P<pk>\\d+)/", "name": "finance_account_valid", "menu": null, "pid": 36}}, {"model": "rbac.permission", "pk": 40, "fields": {"title": "CRC导入", "url": "/salesmanagement/crc/list/", "name": "salesmanagement_crc_list", "menu": 5, "pid": null}}, {"model": "rbac.permission", "pk": 41, "fields": {"title": "销管CRC上传", "url": "/salesmanagement/crc/upload/", "name": "salesmanagement_crc_upload", "menu": null, "pid": 40}}, {"model": "rbac.permission", "pk": 42, "fields": {"title": "销管CRC下载", "url": "/salesmanagement/crc/download/", "name": "salesmanagement_crc_download", "menu": null, "pid": 40}}, {"model": "rbac.permission", "pk": 43, "fields": {"title": "销管CRC删除", "url": "/salesmanagement/crc/del/(?P<pk>\\d+)/", "name": "salesmanagement_crc_del", "menu": null, "pid": 40}}, {"model": "rbac.permission", "pk": 44, "fields": {"title": "档期导入", "url": "/salesmanagement/act/list/", "name": "salesmanagement_act_list", "menu": 5, "pid": null}}, {"model": "rbac.permission", "pk": 45, "fields": {"title": "销管ACT上传", "url": "/salesmanagement/act/upload/", "name": "salesmanagement_act_upload", "menu": null, "pid": 44}}, {"model": "rbac.permission", "pk": 46, "fields": {"title": "销管ACT下载", "url": "/salesmanagement/act/download/", "name": "salesmanagement_act_download", "menu": null, "pid": 44}}, {"model": "rbac.permission", "pk": 47, "fields": {"title": "销管ACT删除", "url": "/salesmanagement/act/del/(?P<pk>\\d+)/", "name": "salesmanagement_act_del", "menu": null, "pid": 44}}, {"model": "rbac.permission", "pk": 48, "fields": {"title": "销管ACT模板下载", "url": "/salesmanagement/act/download_model/", "name": "salesmanagement_act_download_mod", "menu": null, "pid": 44}}, {"model": "rbac.permission", "pk": 49, "fields": {"title": "销管CRC模板下载", "url": "/salesmanagement/crc/download_model/", "name": "salesmanagement_crc_download_mod", "menu": null, "pid": 40}}, {"model": "rbac.role", "pk": 1, "fields": {"title": "管理员", "permissions": [4, 6, 7, 8, 9, 10, 11, 12, 13, 14, 15, 16, 17, 18, 19, 20, 21, 22, 23, 24, 25, 26, 27, 28, 29, 31, 34, 36, 37, 38, 39, 40, 41, 42, 43, 44, 45, 46, 47, 48]}}, {"model": "rbac.role", "pk": 2, "fields": {"title": "CTO", "permissions": [4, 6, 7, 8, 9, 10, 11, 12, 13, 14, 15, 16, 17, 18, 19, 20, 21, 22, 23, 24, 25, 26, 27, 28, 29, 31]}}, {"model": "rbac.role", "pk": 4, "fields": {"title": "文件上传检验", "permissions": [36, 37, 38, 39]}}, {"model": "rbac.role", "pk": 5, "fields": {"title": "销管CRC上传", "permissions": [40, 41, 43, 49]}}, {"model": "rbac.role", "pk": 6, "fields": {"title": "销管CRC管理员", "permissions": [4, 6, 7, 8, 31, 40, 41, 42, 43, 49]}}, {"model": "rbac.role", "pk": 7, "fields": {"title": "销管ACT上传", "permissions": [44, 45, 47, 48]}}, {"model": "rbac.role", "pk": 8, "fields": {"title": "销管ACT管理员", "permissions": [4, 6, 7, 8, 31, 44, 45, 46, 47, 48]}}]